Order ID,Order Date,Customer ID,Customer Name,Segment,Region,Category,Sub-Category,Product Name,Sales,Quantity,Discount,Profit
ORD-00657,2022-01-04,CUST-1050,Eric Carney,Corporate,North,Office Supplies,Envelopes,Padded Envelopes,4062.02,11,0,1061.06
ORD-01016,2022-01-04,CUST-1271,Jasmin Alvarado,Consumer,North,Furniture,Bookcases,Corner Bookcase,4504.88,5,0,1516.85
ORD-01855,2022-01-04,CUST-1072,Whitney Peters,Corporate,East,Office Supplies,Envelopes,Mailing Envelopes Pack,417.51,5,0,37.61
ORD-00598,2022-01-05,CUST-1219,Justin Torres,Corporate,North,Technology,Copiers,Office Copier Machine,156211.14,5,0,49228.49
ORD-01268,2022-01-05,CUST-1193,Debra Christian,Home Office,Central,Furniture,Chairs,Mesh Task Chair,11240.01,3,0,3907.54
ORD-00071,2022-01-06,CUST-1142,David Douglas Jr.,Consumer,South,Furniture,Bookcases,5-Shelf Bookcase,20170.67,2,0.05,4051.62
ORD-01618,2022-01-06,CUST-1012,Jamie Arnold,Home Office,Central,Furniture,Furnishings,Office Partition,115232.95,12,0.3,-20345.7
ORD-00898,2022-01-07,CUST-1160,Jamie Smith,Home Office,East,Office Supplies,Labels,Label Roll,1142.81,6,0.3,-398.79
ORD-01198,2022-01-07,CUST-1077,Angela Lopez,Corporate,North,Technology,Copiers,Office Copier Machine,11486.1,1,0.2,-1557.15
ORD-01234,2022-01-07,CUST-1110,Sharon Cochran,Corporate,West,Technology,Machines,All-in-One Printer,36340.38,1,0.1,124.74
ORD-01716,2022-01-07,CUST-1174,Matthew Harrington,Home Office,South,Office Supplies,Labels,Sticker Sheet,1607.3,8,0.1,-12.35
ORD-01591,2022-01-08,CUST-1292,Stephanie Byrd,Consumer,South,Furniture,Bookcases,Modern Bookcase,63791.99,9,0.15,-6217.87
ORD-00823,2022-01-11,CUST-1185,Lindsay Martinez,Home Office,West,Office Supplies,Paper,Sticky Notes Pack,4386.0,3,0.3,-461.41
ORD-01222,2022-01-11,CUST-1134,Daniel Kennedy,Corporate,East,Office Supplies,Storage,Plastic Drawer Unit,8328.11,8,0.2,1065.31
ORD-01311,2022-01-11,CUST-1296,John Young,Corporate,West,Technology,Phones,Smartphone Lite,64326.62,11,0,10893.45
ORD-01678,2022-01-11,CUST-1277,Wayne Morgan,Corporate,South,Office Supplies,Binders,View Binder,983.6,7,0.15,66.71
ORD-01929,2022-01-11,CUST-1203,Elizabeth Perkins,Home Office,South,Furniture,Bookcases,5-Shelf Bookcase,9024.38,4,0,1269.02
ORD-00885,2022-01-12,CUST-1160,Jamie Smith,Home Office,South,Furniture,Chairs,Folding Chair,11240.17,6,0,1743.75
ORD-00299,2022-01-13,CUST-1033,Tricia Valencia,Corporate,Central,Furniture,Chairs,Recliner Chair,18350.69,9,0,2467.35
ORD-01291,2022-01-13,CUST-1021,Margaret Hawkins DDS,Consumer,North,Furniture,Bookcases,Corner Bookcase,42116.96,11,0.05,862.13
ORD-00611,2022-01-14,CUST-1186,Dr. Hannah Patterson,Consumer,North,Furniture,Bookcases,5-Shelf Bookcase,19532.2,9,0.15,-318.01
ORD-00321,2022-01-15,CUST-1296,John Young,Corporate,Central,Furniture,Chairs,Folding Chair,38264.28,11,0,3689.96
ORD-00917,2022-01-15,CUST-1173,Joshua Cooke,Consumer,Central,Technology,Accessories,Webcam HD,119828.26,7,0.3,2762.42
ORD-01909,2022-01-16,CUST-1242,Matthew Moon,Consumer,West,Furniture,Tables,Conference Table,11184.06,2,0.05,676.0
ORD-01970,2022-01-16,CUST-1275,Joyce Bowen,Corporate,Central,Technology,Accessories,Wireless Mouse,547475.36,11,0,183425.77
ORD-00213,2022-01-17,CUST-1189,Madison Poole,Consumer,South,Technology,Machines,All-in-One Printer,466559.26,8,0.05,101435.13
ORD-01494,2022-01-17,CUST-1293,Jeremy Reed,Home Office,West,Furniture,Chairs,Mesh Task Chair,25952.22,2,0.1,5655.36
ORD-00350,2022-01-18,CUST-1252,Olivia Harris,Consumer,West,Technology,Phones,Smartphone Pro Max,239335.06,5,0.05,28838.21
ORD-00382,2022-01-18,CUST-1035,Debra Davidson,Corporate,West,Office Supplies,Fasteners,Push Pins Pack,6590.55,11,0.2,-374.28
ORD-00594,2022-01-18,CUST-1064,Donald Wright,Corporate,West,Technology,Accessories,Webcam HD,1480.97,1,0.15,-133.27
ORD-01158,2022-01-18,CUST-1077,Angela Lopez,Corporate,Central,Technology,Copiers,Desktop Copier,714152.22,12,0,42710.15
ORD-01595,2022-01-18,CUST-1007,Abigail Shaffer,Consumer,Central,Furniture,Bookcases,5-Shelf Bookcase,112280.56,9,0,23970.25
ORD-01627,2022-01-18,CUST-1151,David Wright,Consumer,North,Furniture,Chairs,Mesh Task Chair,96009.14,9,0.2,10158.93
ORD-01990,2022-01-18,CUST-1222,Jeremy Dalton,Home Office,West,Furniture,Furnishings,Office Partition,42373.18,9,0,11614.44
ORD-00006,2022-01-20,CUST-1235,Michael Lyons,Consumer,Central,Office Supplies,Paper,A4 Paper Ream,16810.68,9,0,5274.87
ORD-00010,2022-01-20,CUST-1058,Richard Aguirre,Corporate,North,Office Supplies,Storage,Plastic Drawer Unit,313.23,1,0,19.59
ORD-00267,2022-01-20,CUST-1155,Brenda Hall,Corporate,West,Office Supplies,Paper,Printer Paper Bulk,2624.25,9,0,533.97
ORD-00332,2022-01-20,CUST-1135,Rebecca Jackson,Home Office,South,Technology,Phones,Smartphone Pro Max,227886.72,11,0,43974.53
ORD-00950,2022-01-20,CUST-1298,William Barrett,Corporate,West,Furniture,Furnishings,Office Partition,36158.38,4,0,4538.76
ORD-00771,2022-01-21,CUST-1092,Brian Rodriguez,Home Office,Central,Office Supplies,Binders,Ring Binder Set,7414.38,6,0,723.02
ORD-01656,2022-01-21,CUST-1155,Brenda Hall,Corporate,North,Office Supplies,Envelopes,Mailing Envelopes Pack,311.77,1,0.15,59.83
ORD-01106,2022-01-22,CUST-1066,Amber Kidd,Consumer,Central,Office Supplies,Binders,View Binder,4511.9,8,0.2,375.66
ORD-00141,2022-01-24,CUST-1134,Daniel Kennedy,Corporate,East,Office Supplies,Art,Marker Set,9049.97,11,0.1,1296.1
ORD-00208,2022-01-24,CUST-1084,Paul Jones,Consumer,West,Technology,Machines,All-in-One Printer,281598.61,6,0,79250.04
ORD-00622,2022-01-25,CUST-1242,Matthew Moon,Consumer,Central,Furniture,Furnishings,Desk Lamp,43953.48,4,0.3,-952.35
ORD-01087,2022-01-26,CUST-1111,Richard Rodriguez,Corporate,South,Technology,Accessories,Webcam HD,238119.84,12,0,77685.57
ORD-01604,2022-01-26,CUST-1014,Michele Williams,Consumer,West,Furniture,Furnishings,Desk Lamp,45652.84,4,0,3563.54
ORD-00287,2022-01-27,CUST-1268,Colin Terry,Corporate,North,Furniture,Furnishings,Desk Lamp,10218.69,1,0,3526.06
ORD-01056,2022-01-28,CUST-1175,Nicole Herring,Home Office,Central,Furniture,Tables,Dining Table,144807.53,11,0,9680.37
ORD-01443,2022-01-29,CUST-1257,Susan Murray MD,Corporate,North,Technology,Copiers,Office Copier Machine,381307.13,7,0,62896.39
ORD-00451,2022-01-30,CUST-1089,Lisa Archer,Home Office,North,Technology,Phones,Smartphone Pro Max,355852.37,10,0,29981.95
ORD-00758,2022-01-30,CUST-1190,Jessica Gross,Home Office,East,Furniture,Bookcases,Corner Bookcase,111386.22,9,0.3,-9055.99
ORD-00358,2022-01-31,CUST-1086,Daniel Baker,Corporate,East,Office Supplies,Paper,Sticky Notes Pack,6285.12,4,0.3,377.26
ORD-01479,2022-01-31,CUST-1037,Sherri Baker,Consumer,Central,Office Supplies,Supplies,Scissors,1886.44,3,0.05,299.71
ORD-01690,2022-01-31,CUST-1197,Daniel Salinas,Consumer,South,Office Supplies,Fasteners,Push Pins Pack,1393.92,2,0,314.73
ORD-01728,2022-01-31,CUST-1243,Kevin Walters,Home Office,South,Office Supplies,Storage,Plastic Drawer Unit,16364.74,10,0,3226.5
ORD-01867,2022-01-31,CUST-1249,Jose Travis,Consumer,Central,Furniture,Furnishings,Desk Lamp,9419.52,1,0.2,-242.8
ORD-01391,2022-02-01,CUST-1271,Jasmin Alvarado,Consumer,South,Office Supplies,Envelopes,Mailing Envelopes Pack,10310.89,8,0,1641.75
ORD-01426,2022-02-01,CUST-1017,Holly Wood,Consumer,Central,Furniture,Furnishings,Office Partition,5664.46,1,0.2,308.92
ORD-00149,2022-02-02,CUST-1124,Michelle Harmon,Consumer,South,Furniture,Chairs,Executive Office Chair,73343.05,8,0,12518.16
ORD-00166,2022-02-02,CUST-1107,Sharon Cherry,Consumer,Central,Furniture,Furnishings,Desk Lamp,14277.64,5,0.2,642.47
ORD-00592,2022-02-02,CUST-1069,James Brown,Consumer,North,Office Supplies,Supplies,Scissors,1792.63,1,0.3,-58.62
ORD-01286,2022-02-02,CUST-1137,Robert Potter,Corporate,South,Office Supplies,Paper,Sticky Notes Pack,1848.27,2,0,478.38
ORD-01717,2022-02-02,CUST-1017,Holly Wood,Consumer,Central,Furniture,Furnishings,Office Partition,8593.66,2,0.2,965.86
ORD-01857,2022-02-03,CUST-1049,Joshua Blair,Corporate,West,Technology,Phones,Cordless Phone,50345.6,3,0.1,1331.72
ORD-01898,2022-02-03,CUST-1070,William Baker,Home Office,East,Technology,Phones,Smartphone Lite,354741.42,9,0,31840.17
ORD-02000,2022-02-04,CUST-1073,Brittney Phillips,Consumer,Central,Furniture,Chairs,Executive Office Chair,22201.51,2,0,5397.72
ORD-00797,2022-02-05,CUST-1291,David Smith,Consumer,East,Furniture,Tables,Study Table,3899.78,2,0.3,-688.29
ORD-01180,2022-02-05,CUST-1191,Debra Morton,Home Office,East,Technology,Phones,Cordless Phone,405027.49,8,0,92291.85
ORD-00278,2022-02-06,CUST-1053,Crystal Robinson,Consumer,West,Technology,Phones,Smartphone X200,115602.65,2,0.05,22955.03
ORD-00506,2022-02-06,CUST-1017,Holly Wood,Consumer,West,Furniture,Furnishings,Wall Clock,77200.06,6,0,16752.41
ORD-01518,2022-02-07,CUST-1157,Joshua Perry,Corporate,Central,Office Supplies,Supplies,Tape Dispenser,5565.05,10,0,1621.28
ORD-00557,2022-02-08,CUST-1217,Rodney Morales,Home Office,Central,Technology,Phones,Cordless Phone,314141.05,11,0.15,13842.03
ORD-00587,2022-02-08,CUST-1138,Courtney Gonzalez,Consumer,Central,Office Supplies,Paper,A4 Paper Ream,10306.14,9,0.3,-2736.97
ORD-00225,2022-02-09,CUST-1196,Allen Rosales,Consumer,East,Technology,Copiers,Office Copier Machine,234863.62,10,0.15,35168.33
ORD-01413,2022-02-09,CUST-1073,Brittney Phillips,Consumer,East,Technology,Copiers,Office Copier Machine,10875.71,1,0.2,989.0
ORD-01580,2022-02-10,CUST-1063,Connor West,Home Office,North,Office Supplies,Art,Whiteboard,2149.25,2,0.3,-433.47
ORD-01210,2022-02-11,CUST-1101,Sandra Aguilar,Home Office,West,Technology,Copiers,Office Copier Machine,14372.49,2,0,1709.2
ORD-00046,2022-02-12,CUST-1138,Courtney Gonzalez,Consumer,Central,Furniture,Tables,Dining Table,89521.99,9,0.2,3768.0
ORD-00796,2022-02-12,CUST-1091,Matthew Mcmillan,Home Office,East,Furniture,Tables,Conference Table,56060.83,10,0.05,9222.66
ORD-00799,2022-02-12,CUST-1076,Sarah Moore,Corporate,West,Furniture,Tables,Coffee Table,7584.94,8,0.2,-690.59
ORD-00070,2022-02-13,CUST-1026,Judy Baker,Consumer,East,Furniture,Tables,Study Table,25064.72,2,0.05,2912.27
ORD-00770,2022-02-14,CUST-1212,Denise Mccann,Home Office,North,Technology,Phones,Smartphone Lite,587574.87,11,0.3,52072.52
ORD-01946,2022-02-14,CUST-1158,Jason Stein,Home Office,West,Office Supplies,Storage,File Organizer,1941.98,1,0.2,-113.93
ORD-00512,2022-02-15,CUST-1163,Lindsey Walker,Home Office,West,Office Supplies,Envelopes,Padded Envelopes,13879.11,10,0.05,1396.96
ORD-01349,2022-02-15,CUST-1033,Tricia Valencia,Corporate,North,Technology,Phones,Smartphone Lite,90948.62,2,0.15,2299.54
ORD-00933,2022-02-16,CUST-1167,Alyssa Long,Corporate,Central,Furniture,Tables,Dining Table,20009.15,11,0.2,-1141.93
ORD-01183,2022-02-16,CUST-1014,Michele Williams,Consumer,East,Technology,Accessories,Wireless Mouse,108880.54,3,0.15,-14936.63
ORD-01609,2022-02-16,CUST-1107,Sharon Cherry,Consumer,South,Technology,Machines,Label Maker,16187.67,2,0.3,-149.4
ORD-00345,2022-02-17,CUST-1065,Jessica Callahan,Home Office,South,Office Supplies,Fasteners,Push Pins Pack,9673.8,12,0,668.82
ORD-01055,2022-02-17,CUST-1066,Amber Kidd,Consumer,North,Furniture,Chairs,Mesh Task Chair,8651.45,6,0,2674.22
ORD-01131,2022-02-17,CUST-1278,Marie Christian,Corporate,East,Furniture,Furnishings,Wall Clock,49168.68,9,0.2,3941.11
ORD-00743,2022-02-18,CUST-1196,Allen Rosales,Consumer,West,Office Supplies,Binders,Clip Binder,5318.11,3,0,1786.06
ORD-01081,2022-02-19,CUST-1027,Justin Baker,Home Office,South,Technology,Phones,Smartphone X200,228051.89,4,0,45650.32
ORD-01610,2022-02-19,CUST-1069,James Brown,Consumer,East,Technology,Machines,Label Maker,16290.74,2,0,2376.83
ORD-01430,2022-02-20,CUST-1065,Jessica Callahan,Home Office,North,Technology,Phones,Smartphone X200,82627.75,6,0,8616.4
ORD-00985,2022-02-22,CUST-1279,Shannon James,Home Office,South,Furniture,Tables,Dining Table,4488.05,2,0.15,7.56
ORD-01341,2022-02-22,CUST-1133,Mary Marshall,Home Office,Central,Furniture,Furnishings,Wall Clock,44174.95,6,0.05,5955.6
ORD-00605,2022-02-23,CUST-1233,Christopher Parker,Corporate,Central,Technology,Accessories,Wireless Mouse,85767.95,2,0.05,24873.73
ORD-01831,2022-02-25,CUST-1078,Megan Young,Corporate,South,Furniture,Furnishings,Office Partition,13209.03,10,0.2,-127.32
ORD-00331,2022-02-26,CUST-1247,Krista Gibson,Home Office,North,Technology,Phones,Smartphone Pro Max,148025.07,11,0.15,6774.12
ORD-01873,2022-02-26,CUST-1049,Joshua Blair,Corporate,Central,Furniture,Chairs,Executive Office Chair,16849.51,4,0,1815.25
ORD-00740,2022-02-27,CUST-1123,April Frost,Corporate,East,Furniture,Chairs,Executive Office Chair,36632.42,4,0.05,7872.25
ORD-01547,2022-02-27,CUST-1136,Jose Schultz,Corporate,East,Technology,Phones,Smartphone Lite,532733.86,11,0.15,131433.77
ORD-00667,2022-03-01,CUST-1083,Michael Evans,Corporate,East,Technology,Machines,All-in-One Printer,344822.98,12,0,86082.61
ORD-01571,2022-03-01,CUST-1019,Lisa Jackson,Consumer,North,Furniture,Bookcases,Corner Bookcase,35491.49,4,0.15,-2893.37
ORD-01780,2022-03-01,CUST-1074,Lauren Daniels,Consumer,East,Furniture,Chairs,Recliner Chair,16752.92,6,0.15,688.71
ORD-00080,2022-03-04,CUST-1047,John Pierce,Corporate,Central,Furniture,Furnishings,Wall Clock,43543.93,8,0,13716.45
ORD-01548,2022-03-06,CUST-1084,Paul Jones,Consumer,West,Furniture,Furnishings,Desk Lamp,44121.8,7,0,13323.03
ORD-01651,2022-03-06,CUST-1008,Gina Moore,Consumer,South,Office Supplies,Fasteners,Push Pins Pack,2211.54,5,0.2,457.23
ORD-01711,2022-03-06,CUST-1217,Rodney Morales,Home Office,South,Technology,Machines,All-in-One Printer,491817.3,10,0,94436.02
ORD-01736,2022-03-06,CUST-1266,Joshua Reed,Corporate,North,Technology,Accessories,Webcam HD,108474.32,3,0,26617.93
ORD-00625,2022-03-07,CUST-1072,Whitney Peters,Corporate,South,Technology,Copiers,Office Copier Machine,16413.77,4,0.3,-3910.79
ORD-00964,2022-03-07,CUST-1259,Denise Davenport,Corporate,East,Office Supplies,Supplies,Glue Stick,1695.94,10,0,580.47
ORD-01331,2022-03-07,CUST-1030,Anthony Rodriguez,Home Office,East,Technology,Copiers,Office Copier Machine,40041.61,2,0,11553.25
ORD-00848,2022-03-08,CUST-1077,Angela Lopez,Corporate,West,Office Supplies,Paper,A4 Paper Ream,5072.17,4,0.2,443.52
ORD-01322,2022-03-08,CUST-1128,Jason Powell,Home Office,North,Furniture,Chairs,Recliner Chair,100593.79,7,0.3,-25887.1
ORD-01684,2022-03-08,CUST-1144,Christopher Rubio,Consumer,East,Office Supplies,Binders,View Binder,7660.38,4,0.05,663.07
ORD-00946,2022-03-09,CUST-1205,Erin Warner,Consumer,North,Technology,Phones,Cordless Phone,457581.2,9,0,156095.21
ORD-01500,2022-03-10,CUST-1128,Jason Powell,Home Office,South,Technology,Copiers,Office Copier Machine,38137.09,3,0.1,935.16
ORD-00672,2022-03-12,CUST-1164,Jeffrey Johnson,Home Office,East,Office Supplies,Paper,Sticky Notes Pack,5365.15,12,0.1,931.24
ORD-01078,2022-03-12,CUST-1145,Amber Wright,Consumer,East,Office Supplies,Binders,View Binder,1003.42,1,0,92.29
ORD-01037,2022-03-14,CUST-1289,Lisa Allen,Consumer,Central,Furniture,Chairs,Folding Chair,98494.57,10,0.3,10023.95
ORD-00048,2022-03-17,CUST-1233,Christopher Parker,Corporate,North,Technology,Machines,Label Maker,48858.5,2,0,12082.61
ORD-01764,2022-03-17,CUST-1038,Cassandra Gaines,Home Office,Central,Technology,Phones,Cordless Phone,30117.04,6,0,4405.77
ORD-00137,2022-03-18,CUST-1090,Aimee Montoya,Consumer,West,Furniture,Chairs,Folding Chair,25612.15,8,0.1,6712.85
ORD-01962,2022-03-18,CUST-1080,Lisa Barnes,Corporate,West,Office Supplies,Paper,Sticky Notes Pack,14125.03,10,0.3,-286.19
ORD-00262,2022-03-19,CUST-1274,Shelly Alexander,Corporate,South,Office Supplies,Labels,Label Roll,332.84,6,0,79.22
ORD-00445,2022-03-19,CUST-1200,Nathan Freeman,Consumer,East,Furniture,Bookcases,Corner Bookcase,5537.04,10,0.3,-1231.42
ORD-01271,2022-03-19,CUST-1170,Daniel Murphy,Corporate,North,Office Supplies,Art,Whiteboard,12952.5,9,0.1,1593.44
ORD-01284,2022-03-19,CUST-1045,Angelica Tucker,Consumer,East,Furniture,Furnishings,Wall Clock,10432.13,2,0.15,33.38
ORD-01036,2022-03-20,CUST-1074,Lauren Daniels,Consumer,North,Office Supplies,Art,Marker Set,5511.13,7,0,1692.47
ORD-01469,2022-03-21,CUST-1051,Jessica Holmes,Home Office,North,Technology,Phones,Smartphone Lite,271564.49,7,0.05,71956.64
ORD-01911,2022-03-21,CUST-1284,Shelia Wallace,Consumer,East,Technology,Phones,Smartphone Lite,38257.54,6,0.05,4882.57
ORD-00063,2022-03-22,CUST-1159,Melissa Gates,Consumer,West,Furniture,Bookcases,Modern Bookcase,5420.8,3,0,597.58
ORD-01048,2022-03-22,CUST-1070,William Baker,Home Office,West,Technology,Copiers,Office Copier Machine,105884.01,3,0.15,17634.87
ORD-01220,2022-03-22,CUST-1241,Andrew Avila,Home Office,North,Technology,Accessories,Mechanical Keyboard,258777.86,7,0.15,53931.33
ORD-01615,2022-03-22,CUST-1259,Denise Davenport,Corporate,South,Furniture,Tables,Dining Table,26865.93,6,0,2698.73
ORD-00011,2022-03-23,CUST-1184,Ashley Barton,Home Office,South,Office Supplies,Art,Whiteboard,3503.86,2,0,1148.32
ORD-01118,2022-03-23,CUST-1190,Jessica Gross,Home Office,East,Technology,Machines,Scanner,605566.64,11,0.15,74176.59
ORD-01512,2022-03-24,CUST-1300,Amber Obrien,Consumer,East,Technology,Copiers,Office Copier Machine,366910.25,12,0.05,51103.36
ORD-00454,2022-03-25,CUST-1069,James Brown,Consumer,North,Office Supplies,Envelopes,Mailing Envelopes Pack,34.3,1,0,8.99
ORD-00993,2022-03-25,CUST-1196,Allen Rosales,Consumer,East,Furniture,Furnishings,Wall Clock,29426.12,10,0.3,1769.92
ORD-01253,2022-03-25,CUST-1016,Brian Ramirez,Corporate,South,Technology,Accessories,Wireless Mouse,30979.75,1,0.2,-1308.85
ORD-00090,2022-03-26,CUST-1231,Jessica Stephens,Corporate,Central,Office Supplies,Art,Sketch Pad,1425.1,10,0,417.97
ORD-01439,2022-03-26,CUST-1067,Tracy House,Home Office,Central,Furniture,Furnishings,Wall Clock,6403.79,1,0,981.9
ORD-00084,2022-03-28,CUST-1224,Theresa Clark,Consumer,North,Technology,Phones,Cordless Phone,244440.46,10,0.1,7936.09
ORD-00393,2022-03-28,CUST-1126,Erin Edwards,Consumer,Central,Office Supplies,Envelopes,Mailing Envelopes Pack,17333.39,9,0.05,1602.5
ORD-00873,2022-03-28,CUST-1081,Kelly Donovan,Consumer,East,Technology,Phones,Smartphone Lite,165707.65,11,0,48701.27
ORD-01582,2022-03-29,CUST-1146,Joyce Solis,Home Office,East,Furniture,Tables,Coffee Table,43448.75,4,0.15,5888.98
ORD-01586,2022-03-29,CUST-1069,James Brown,Consumer,Central,Furniture,Furnishings,Wall Clock,21376.7,3,0.2,2543.81
ORD-00073,2022-03-30,CUST-1267,Kimberly Gibson,Consumer,East,Technology,Phones,Smartphone X200,205988.28,8,0.3,-21049.93
ORD-00458,2022-03-30,CUST-1028,Stephanie Ross,Home Office,East,Technology,Accessories,Webcam HD,241838.37,5,0,19667.83
ORD-00054,2022-03-31,CUST-1163,Lindsey Walker,Home Office,West,Office Supplies,Envelopes,Padded Envelopes,3532.85,11,0,310.45
ORD-00364,2022-03-31,CUST-1067,Tracy House,Home Office,South,Furniture,Tables,Conference Table,26227.53,8,0.2,1107.12
ORD-00632,2022-03-31,CUST-1123,April Frost,Corporate,South,Technology,Machines,Laser Printer,649960.95,12,0.2,89143.53
ORD-01033,2022-03-31,CUST-1292,Stephanie Byrd,Consumer,North,Furniture,Bookcases,Corner Bookcase,16730.1,3,0.2,-2097.18
ORD-01094,2022-04-01,CUST-1289,Lisa Allen,Consumer,West,Office Supplies,Supplies,Scissors,8889.47,12,0.15,364.52
ORD-00579,2022-04-02,CUST-1214,Katherine Salas,Home Office,West,Office Supplies,Fasteners,Push Pins Pack,7687.6,8,0,2141.65
ORD-00685,2022-04-02,CUST-1122,Kenneth Scott,Home Office,North,Furniture,Tables,Coffee Table,57530.53,4,0.15,-2942.51
ORD-00847,2022-04-02,CUST-1149,Kathy Rivas,Corporate,South,Office Supplies,Binders,Ring Binder Set,14372.21,10,0.15,2876.68
ORD-00067,2022-04-03,CUST-1020,Carla Gray,Consumer,East,Technology,Phones,Smartphone X200,33596.57,4,0.2,-642.29
ORD-01823,2022-04-03,CUST-1072,Whitney Peters,Corporate,West,Furniture,Tables,Coffee Table,13167.57,5,0.05,3925.85
ORD-00453,2022-04-04,CUST-1089,Lisa Archer,Home Office,East,Furniture,Chairs,Recliner Chair,34453.43,3,0,6256.69
ORD-00590,2022-04-04,CUST-1083,Michael Evans,Corporate,Central,Office Supplies,Paper,Sticky Notes Pack,593.02,2,0.1,143.75
ORD-00832,2022-04-04,CUST-1008,Gina Moore,Consumer,South,Furniture,Chairs,Executive Office Chair,20577.18,3,0.05,6542.33
ORD-01892,2022-04-04,CUST-1289,Lisa Allen,Consumer,Central,Office Supplies,Fasteners,Stapler,10555.65,12,0.05,-141.34
ORD-00196,2022-04-05,CUST-1051,Jessica Holmes,Home Office,West,Furniture,Chairs,Mesh Task Chair,56956.1,8,0,17920.91
ORD-00615,2022-04-05,CUST-1097,Aaron Wise,Consumer,Central,Technology,Accessories,USB-C Hub,191192.13,4,0.3,-11787.19
ORD-01238,2022-04-05,CUST-1266,Joshua Reed,Corporate,North,Furniture,Tables,Dining Table,14113.26,1,0,2908.42
ORD-00311,2022-04-06,CUST-1021,Margaret Hawkins DDS,Consumer,East,Furniture,Bookcases,Modern Bookcase,44450.78,5,0.2,-3159.48
ORD-01534,2022-04-06,CUST-1168,Alyssa Day,Consumer,South,Technology,Accessories,Mechanical Keyboard,505246.12,9,0,165453.68
ORD-01706,2022-04-06,CUST-1215,Julie Alexander,Consumer,North,Office Supplies,Storage,File Organizer,4610.83,8,0,1507.93
ORD-01551,2022-04-07,CUST-1001,Allison Hill,Home Office,South,Furniture,Bookcases,Modern Bookcase,80616.89,7,0.15,13376.09
ORD-01410,2022-04-08,CUST-1170,Daniel Murphy,Corporate,East,Furniture,Furnishings,Wall Clock,53589.87,5,0.15,1398.61
ORD-00234,2022-04-09,CUST-1198,Spencer Haynes,Corporate,West,Office Supplies,Envelopes,Mailing Envelopes Pack,7707.89,7,0,2301.9
ORD-00266,2022-04-09,CUST-1056,Michael Lewis,Home Office,North,Furniture,Chairs,Folding Chair,48109.44,8,0,5371.35
ORD-00982,2022-04-09,CUST-1102,Cameron Parker,Home Office,South,Furniture,Tables,Conference Table,11389.34,4,0.3,1150.09
ORD-01107,2022-04-10,CUST-1130,Megan Orr,Home Office,Central,Furniture,Furnishings,Desk Lamp,38033.18,8,0.15,-0.06
ORD-01165,2022-04-11,CUST-1017,Holly Wood,Consumer,East,Technology,Accessories,Webcam HD,192241.05,8,0.15,-2399.84
ORD-01843,2022-04-11,CUST-1102,Cameron Parker,Home Office,West,Office Supplies,Supplies,Scissors,11220.6,6,0,3064.31
ORD-00081,2022-04-12,CUST-1042,Fred Smith,Consumer,East,Technology,Copiers,Office Copier Machine,166080.61,10,0,25501.99
ORD-00353,2022-04-12,CUST-1274,Shelly Alexander,Corporate,North,Furniture,Chairs,Recliner Chair,11565.34,5,0,1101.08
ORD-01644,2022-04-12,CUST-1042,Fred Smith,Consumer,North,Technology,Phones,Smartphone X200,224904.68,4,0.05,5080.24
ORD-01752,2022-04-12,CUST-1239,Sara Johnston,Consumer,West,Furniture,Chairs,Recliner Chair,119459.01,12,0.1,19462.79
ORD-01983,2022-04-12,CUST-1045,Angelica Tucker,Consumer,East,Office Supplies,Envelopes,Mailing Envelopes Pack,9216.4,6,0.1,444.39
ORD-01502,2022-04-13,CUST-1079,Steve Sanchez,Home Office,North,Office Supplies,Supplies,Glue Stick,9936.12,5,0.1,303.03
ORD-00416,2022-04-14,CUST-1055,Shannon Jones,Corporate,West,Furniture,Chairs,Folding Chair,21666.77,7,0.3,-191.48
ORD-01438,2022-04-14,CUST-1142,David Douglas Jr.,Consumer,South,Furniture,Tables,Study Table,82369.76,12,0,10140.52
ORD-00009,2022-04-15,CUST-1048,Shane Henderson,Consumer,West,Technology,Phones,Smartphone X200,230014.01,6,0.3,-14445.33
ORD-00949,2022-04-15,CUST-1164,Jeffrey Johnson,Home Office,North,Furniture,Furnishings,Desk Lamp,13672.8,8,0.05,2590.86
ORD-01646,2022-04-15,CUST-1260,Mrs. Kristen Reyes,Consumer,East,Furniture,Bookcases,Modern Bookcase,99291.17,8,0,23691.46
ORD-01574,2022-04-16,CUST-1092,Brian Rodriguez,Home Office,South,Furniture,Furnishings,Office Partition,72100.31,10,0,21341.73
ORD-01734,2022-04-17,CUST-1053,Crystal Robinson,Consumer,West,Office Supplies,Fasteners,Push Pins Pack,15780.2,12,0,2344.47
ORD-01759,2022-04-17,CUST-1255,Cynthia Moore,Home Office,West,Technology,Accessories,Mechanical Keyboard,116499.38,2,0.2,-16225.04
ORD-00092,2022-04-18,CUST-1172,Darlene Miller,Corporate,North,Technology,Phones,Smartphone Pro Max,255692.53,5,0,38356.08
ORD-00212,2022-04-18,CUST-1092,Brian Rodriguez,Home Office,South,Office Supplies,Binders,Clip Binder,3103.17,2,0.1,133.07
ORD-00793,2022-04-19,CUST-1019,Lisa Jackson,Consumer,Central,Technology,Accessories,Wireless Mouse,124379.65,9,0.2,5884.6
ORD-01009,2022-04-19,CUST-1236,Kathryn Snyder,Consumer,Central,Technology,Copiers,Office Copier Machine,21058.14,2,0,6712.33
ORD-00346,2022-04-21,CUST-1014,Michele Williams,Consumer,West,Office Supplies,Paper,A4 Paper Ream,9322.74,5,0.2,-62.17
ORD-00374,2022-04-21,CUST-1157,Joshua Perry,Corporate,Central,Furniture,Bookcases,Modern Bookcase,26689.1,10,0,6728.07
ORD-01327,2022-04-21,CUST-1237,Andrew Reynolds,Consumer,South,Technology,Phones,Smartphone X200,159912.2,5,0.1,3164.13
ORD-00203,2022-04-22,CUST-1123,April Frost,Corporate,West,Technology,Phones,Smartphone Lite,36315.33,8,0,12567.46
ORD-00276,2022-04-22,CUST-1006,Connie Lawrence,Consumer,South,Office Supplies,Supplies,Glue Stick,1490.9,3,0.1,-10.68
ORD-00303,2022-04-22,CUST-1282,Tammie Bright,Home Office,West,Office Supplies,Paper,Sticky Notes Pack,16023.33,11,0.3,1254.95
ORD-00480,2022-04-23,CUST-1100,Stephen Mckee,Corporate,Central,Office Supplies,Art,Sketch Pad,3608.03,4,0,1236.66
ORD-01707,2022-04-23,CUST-1243,Kevin Walters,Home Office,West,Furniture,Furnishings,Wall Clock,43105.27,4,0,9557.86
ORD-00523,2022-04-25,CUST-1252,Olivia Harris,Consumer,Central,Technology,Phones,Cordless Phone,369535.37,9,0,58718.95
ORD-01255,2022-04-25,CUST-1143,Patricia Rodriguez,Consumer,North,Technology,Phones,Cordless Phone,46487.16,1,0.05,11114.2
ORD-01457,2022-04-25,CUST-1232,Susan Serrano,Home Office,Central,Technology,Accessories,Webcam HD,217901.54,4,0,45813.23
ORD-00839,2022-04-27,CUST-1056,Michael Lewis,Home Office,Central,Technology,Machines,Scanner,239593.85,7,0,81004.64
ORD-00145,2022-04-29,CUST-1287,Joseph Knight,Home Office,West,Office Supplies,Fasteners,Push Pins Pack,1496.69,1,0,95.17
ORD-00003,2022-04-30,CUST-1297,Laura Haney,Consumer,Central,Furniture,Bookcases,5-Shelf Bookcase,8970.58,1,0,601.6
ORD-01257,2022-04-30,CUST-1230,Lori Guerrero,Corporate,South,Office Supplies,Envelopes,Padded Envelopes,643.89,11,0,176.27
ORD-00002,2022-05-01,CUST-1085,Zachary Ferrell,Home Office,West,Furniture,Furnishings,Wall Clock,37088.91,8,0.3,-5287.89
ORD-01021,2022-05-01,CUST-1246,Donna Landry,Consumer,Central,Furniture,Chairs,Recliner Chair,77971.07,9,0.05,8030.61
ORD-01296,2022-05-01,CUST-1194,Angelica Keith,Corporate,North,Furniture,Tables,Dining Table,37991.49,5,0.15,-1614.31
ORD-01897,2022-05-01,CUST-1041,Paula Moreno,Corporate,East,Technology,Phones,Smartphone X200,421209.86,8,0,94725.9
ORD-01436,2022-05-02,CUST-1130,Megan Orr,Home Office,North,Technology,Machines,Scanner,219745.97,5,0,15340.84
ORD-00517,2022-05-03,CUST-1268,Colin Terry,Corporate,South,Technology,Copiers,Desktop Copier,164851.22,4,0.2,-16313.53
ORD-00644,2022-05-03,CUST-1071,Jordan Henderson,Consumer,East,Technology,Machines,All-in-One Printer,115889.17,3,0.3,2685.12
ORD-01937,2022-05-03,CUST-1080,Lisa Barnes,Corporate,South,Furniture,Chairs,Executive Office Chair,52063.73,7,0,8638.13
ORD-00205,2022-05-04,CUST-1204,Joseph Coleman,Consumer,Central,Technology,Copiers,Office Copier Machine,462480.91,12,0,61621.1
ORD-01287,2022-05-04,CUST-1068,Carol Tucker,Consumer,West,Furniture,Bookcases,Corner Bookcase,11722.93,3,0.15,-443.94
ORD-01374,2022-05-05,CUST-1035,Debra Davidson,Corporate,Central,Technology,Accessories,Wireless Mouse,191149.48,5,0.05,18203.93
ORD-00509,2022-05-06,CUST-1015,Dylan Miller,Home Office,Central,Furniture,Tables,Coffee Table,73431.15,6,0.15,1832.09
ORD-01959,2022-05-06,CUST-1145,Amber Wright,Consumer,North,Technology,Accessories,Wireless Mouse,321896.41,6,0.05,85477.9
ORD-01969,2022-05-06,CUST-1085,Zachary Ferrell,Home Office,East,Furniture,Bookcases,Corner Bookcase,14309.28,7,0.3,-1959.77
ORD-01972,2022-05-06,CUST-1005,Cristian Santos,Corporate,West,Furniture,Tables,Conference Table,12495.56,1,0.05,1237.66
ORD-00828,2022-05-08,CUST-1121,Larry Dixon,Corporate,West,Furniture,Chairs,Recliner Chair,28547.33,2,0,9028.25
ORD-00183,2022-05-09,CUST-1296,John Young,Corporate,North,Office Supplies,Storage,File Organizer,8087.93,6,0.3,-1079.08
ORD-01462,2022-05-09,CUST-1013,Lisa Hensley,Home Office,East,Technology,Phones,Smartphone X200,29185.54,1,0,2034.63
ORD-00363,2022-05-10,CUST-1276,Matthew Moore,Corporate,West,Furniture,Furnishings,Office Partition,28167.21,3,0,2221.74
ORD-01093,2022-05-10,CUST-1144,Christopher Rubio,Consumer,East,Office Supplies,Supplies,Scissors,8732.72,5,0.05,1671.31
ORD-01539,2022-05-10,CUST-1271,Jasmin Alvarado,Consumer,West,Technology,Phones,Smartphone Pro Max,47758.59,8,0.15,9437.06
ORD-00146,2022-05-11,CUST-1278,Marie Christian,Corporate,North,Furniture,Furnishings,Desk Lamp,32142.85,5,0.2,-3726.27
ORD-00518,2022-05-12,CUST-1105,Richard Henson,Home Office,West,Technology,Machines,All-in-One Printer,71984.75,5,0,7743.75
ORD-00776,2022-05-12,CUST-1231,Jessica Stephens,Corporate,South,Furniture,Bookcases,Modern Bookcase,33287.56,7,0.15,2572.95
ORD-01223,2022-05-12,CUST-1205,Erin Warner,Consumer,East,Furniture,Tables,Conference Table,31804.04,3,0,6568.08
ORD-00597,2022-05-14,CUST-1066,Amber Kidd,Consumer,East,Office Supplies,Art,Whiteboard,16348.77,12,0.1,1894.72
ORD-00973,2022-05-14,CUST-1223,Elizabeth Oliver DDS,Home Office,East,Furniture,Chairs,Folding Chair,5838.6,8,0.15,-808.65
ORD-01353,2022-05-14,CUST-1265,Yvonne Burns,Home Office,South,Office Supplies,Fasteners,Push Pins Pack,925.43,9,0,286.78
ORD-00495,2022-05-16,CUST-1155,Brenda Hall,Corporate,North,Furniture,Chairs,Mesh Task Chair,135670.36,10,0,12707.85
ORD-00978,2022-05-16,CUST-1058,Richard Aguirre,Corporate,West,Technology,Copiers,Office Copier Machine,145868.04,3,0.3,-33552.39
ORD-01151,2022-05-16,CUST-1084,Paul Jones,Consumer,North,Technology,Copiers,Desktop Copier,235509.91,4,0.3,-62776.12
ORD-01863,2022-05-16,CUST-1130,Megan Orr,Home Office,East,Technology,Copiers,Desktop Copier,106541.52,6,0,16756.79
ORD-00469,2022-05-18,CUST-1288,Carolyn Miller,Corporate,South,Furniture,Bookcases,5-Shelf Bookcase,19319.28,9,0.05,4113.22
ORD-00812,2022-05-18,CUST-1001,Allison Hill,Home Office,South,Office Supplies,Paper,Printer Paper Bulk,137.64,2,0.3,-35.87
ORD-01102,2022-05-18,CUST-1130,Megan Orr,Home Office,West,Furniture,Furnishings,Wall Clock,69778.63,11,0.2,119.84
ORD-01179,2022-05-18,CUST-1117,William Herrera,Corporate,West,Office Supplies,Supplies,Glue Stick,618.54,6,0.3,-132.9
ORD-01032,2022-05-19,CUST-1124,Michelle Harmon,Consumer,West,Office Supplies,Labels,Sticker Sheet,1215.39,12,0.05,266.56
ORD-01175,2022-05-21,CUST-1040,Brittany Farmer,Corporate,South,Furniture,Chairs,Mesh Task Chair,23581.28,2,0,1981.09
ORD-00969,2022-05-22,CUST-1168,Alyssa Day,Consumer,East,Furniture,Tables,Study Table,14338.45,5,0.05,3661.16
ORD-01978,2022-05-22,CUST-1204,Joseph Coleman,Consumer,South,Technology,Phones,Smartphone X200,218332.31,9,0.05,40084.2
ORD-00422,2022-05-23,CUST-1056,Michael Lewis,Home Office,Central,Technology,Machines,Scanner,62753.02,11,0,17390.32
ORD-01295,2022-05-23,CUST-1270,Patrick Thornton,Consumer,South,Furniture,Chairs,Mesh Task Chair,50507.64,4,0,12024.54
ORD-01798,2022-05-23,CUST-1104,Christine Wright,Consumer,Central,Furniture,Chairs,Executive Office Chair,10891.0,1,0.05,885.41
ORD-00446,2022-05-24,CUST-1277,Wayne Morgan,Corporate,South,Furniture,Furnishings,Office Partition,18059.62,8,0.15,2157.38
ORD-00259,2022-05-26,CUST-1242,Matthew Moon,Consumer,South,Office Supplies,Paper,Printer Paper Bulk,12209.97,7,0,1113.67
ORD-00652,2022-05-26,CUST-1210,Brian Lee,Consumer,North,Furniture,Furnishings,Office Partition,9948.93,3,0.15,543.1
ORD-00355,2022-05-27,CUST-1279,Shannon James,Home Office,West,Furniture,Tables,Coffee Table,87567.58,7,0.05,8029.14
ORD-01900,2022-05-27,CUST-1123,April Frost,Corporate,Central,Furniture,Chairs,Folding Chair,47063.3,5,0,13400.67
ORD-00230,2022-05-29,CUST-1192,Karen Graham,Consumer,West,Office Supplies,Paper,Sticky Notes Pack,7350.29,5,0.2,-33.66
ORD-01499,2022-05-29,CUST-1115,Garrett Lin,Home Office,Central,Office Supplies,Labels,Label Roll,6644.2,4,0,2191.5
ORD-01491,2022-05-30,CUST-1157,Joshua Perry,Corporate,Central,Furniture,Furnishings,Office Partition,90417.8,10,0.1,3403.99
ORD-00113,2022-06-01,CUST-1232,Susan Serrano,Home Office,South,Office Supplies,Supplies,Scissors,14765.55,11,0,3174.58
ORD-00177,2022-06-01,CUST-1230,Lori Guerrero,Corporate,Central,Technology,Copiers,Office Copier Machine,523036.39,9,0,43313.08
ORD-01212,2022-06-01,CUST-1124,Michelle Harmon,Consumer,Central,Office Supplies,Paper,Sticky Notes Pack,6097.59,9,0,1819.72
ORD-00160,2022-06-02,CUST-1025,Matthew Foster,Home Office,North,Technology,Accessories,Mechanical Keyboard,1691.49,2,0.15,-173.42
ORD-00222,2022-06-03,CUST-1012,Jamie Arnold,Home Office,North,Furniture,Furnishings,Desk Lamp,27247.26,2,0,9064.73
ORD-00236,2022-06-03,CUST-1281,Amanda Jones,Home Office,North,Technology,Copiers,Desktop Copier,71052.33,7,0,4694.19
ORD-00779,2022-06-03,CUST-1294,Margaret Coleman,Corporate,West,Office Supplies,Envelopes,Padded Envelopes,5987.94,6,0,2078.28
ORD-01788,2022-06-03,CUST-1108,Sierra Johnson,Consumer,South,Office Supplies,Labels,Sticker Sheet,6105.96,8,0.1,1117.64
ORD-00001,2022-06-04,CUST-1227,Kirk Carter,Corporate,Central,Furniture,Chairs,Executive Office Chair,27864.64,2,0.3,-5990.55
ORD-01934,2022-06-04,CUST-1146,Joyce Solis,Home Office,East,Technology,Machines,Scanner,179163.02,12,0,42010.44
ORD-00442,2022-06-05,CUST-1233,Christopher Parker,Corporate,East,Technology,Machines,Label Maker,50562.19,3,0.2,1910.48
ORD-01217,2022-06-06,CUST-1078,Megan Young,Corporate,South,Technology,Phones,Cordless Phone,214035.35,7,0,49177.51
ORD-00515,2022-06-07,CUST-1155,Brenda Hall,Corporate,Central,Technology,Copiers,Office Copier Machine,61202.03,4,0,19233.9
ORD-00694,2022-06-07,CUST-1123,April Frost,Corporate,North,Furniture,Chairs,Executive Office Chair,55738.05,12,0,18875.69
ORD-01108,2022-06-07,CUST-1102,Cameron Parker,Home Office,West,Technology,Accessories,Wireless Mouse,339262.83,7,0.2,-24892.78
ORD-01138,2022-06-07,CUST-1035,Debra Davidson,Corporate,North,Technology,Accessories,Wireless Mouse,178601.25,8,0,22091.9
ORD-00023,2022-06-08,CUST-1147,Victoria Larson,Consumer,South,Technology,Machines,Label Maker,83741.31,9,0,21934.0
ORD-00593,2022-06-08,CUST-1276,Matthew Moore,Corporate,North,Office Supplies,Supplies,Tape Dispenser,3316.77,2,0.15,-115.58
ORD-01477,2022-06-08,CUST-1290,Briana Murray,Consumer,East,Technology,Copiers,Office Copier Machine,40330.36,1,0.2,3445.16
ORD-00312,2022-06-09,CUST-1265,Yvonne Burns,Home Office,East,Technology,Accessories,Webcam HD,125390.58,6,0,25147.22
ORD-00494,2022-06-09,CUST-1010,Ryan Munoz,Consumer,West,Technology,Phones,Smartphone Lite,79378.79,2,0.3,-11131.06
ORD-00889,2022-06-09,CUST-1027,Justin Baker,Home Office,South,Office Supplies,Supplies,Glue Stick,16772.96,11,0.05,2921.48
ORD-01727,2022-06-09,CUST-1280,Nathan Malone,Consumer,West,Office Supplies,Supplies,Scissors,988.12,7,0,168.64
ORD-01600,2022-06-10,CUST-1254,Barbara Dudley,Consumer,East,Furniture,Tables,Coffee Table,4342.71,1,0.05,311.52
ORD-00767,2022-06-11,CUST-1293,Jeremy Reed,Home Office,West,Furniture,Tables,Dining Table,106224.54,11,0.05,9274.03
ORD-00921,2022-06-11,CUST-1173,Joshua Cooke,Consumer,East,Technology,Copiers,Desktop Copier,46903.27,3,0,14120.51
ORD-01059,2022-06-12,CUST-1091,Matthew Mcmillan,Home Office,South,Technology,Accessories,Mechanical Keyboard,549257.9,12,0.15,92126.23
ORD-01260,2022-06-12,CUST-1238,David Davis,Corporate,North,Furniture,Tables,Conference Table,18484.89,2,0.2,-1502.21
ORD-01280,2022-06-13,CUST-1168,Alyssa Day,Consumer,South,Office Supplies,Labels,Sticker Sheet,1056.02,3,0,180.68
ORD-00655,2022-06-14,CUST-1266,Joshua Reed,Corporate,South,Technology,Accessories,Webcam HD,150943.08,5,0.2,-3164.18
ORD-00881,2022-06-16,CUST-1054,Mark Perez,Home Office,West,Office Supplies,Paper,Sticky Notes Pack,4504.0,3,0,491.88
ORD-01057,2022-06-16,CUST-1096,Anna Henderson,Consumer,North,Office Supplies,Paper,A4 Paper Ream,832.98,7,0,138.33
ORD-01215,2022-06-16,CUST-1043,Sherry Decker,Consumer,South,Technology,Phones,Smartphone Pro Max,33459.12,9,0,8892.35
ORD-00620,2022-06-18,CUST-1151,David Wright,Consumer,Central,Office Supplies,Paper,Sticky Notes Pack,383.19,4,0.05,35.01
ORD-01642,2022-06-18,CUST-1096,Anna Henderson,Consumer,South,Furniture,Chairs,Folding Chair,5008.85,1,0,1488.32
ORD-00787,2022-06-19,CUST-1181,Alexander Collins,Home Office,Central,Furniture,Tables,Conference Table,29181.19,2,0.05,4266.06
ORD-00986,2022-06-19,CUST-1259,Denise Davenport,Corporate,South,Technology,Accessories,Mechanical Keyboard,14279.52,11,0.15,223.93
ORD-01920,2022-06-19,CUST-1205,Erin Warner,Consumer,East,Furniture,Furnishings,Wall Clock,27866.86,2,0.1,3375.79
ORD-00027,2022-06-21,CUST-1220,Bailey Duran DDS,Consumer,South,Technology,Accessories,Wireless Mouse,64680.59,5,0.2,-10139.58
ORD-01339,2022-06-21,CUST-1228,Michael Warner,Home Office,North,Office Supplies,Fasteners,Push Pins Pack,1438.26,9,0.2,226.42
ORD-01669,2022-06-21,CUST-1168,Alyssa Day,Consumer,Central,Technology,Copiers,Office Copier Machine,41004.14,1,0.2,-2553.72
ORD-01814,2022-06-21,CUST-1197,Daniel Salinas,Consumer,West,Furniture,Chairs,Executive Office Chair,36249.13,7,0.2,6133.94
ORD-00091,2022-06-22,CUST-1259,Denise Davenport,Corporate,South,Furniture,Tables,Dining Table,64791.95,8,0.1,2512.53
ORD-00727,2022-06-23,CUST-1023,Ethan Adams,Home Office,Central,Furniture,Tables,Dining Table,48197.15,9,0.1,7650.19
ORD-00623,2022-06-25,CUST-1161,Paul Castaneda,Home Office,South,Technology,Copiers,Desktop Copier,269114.2,8,0,38125.83
ORD-01045,2022-06-25,CUST-1011,Monica Herrera,Home Office,North,Furniture,Bookcases,5-Shelf Bookcase,84045.95,6,0.05,9578.5
ORD-01404,2022-06-27,CUST-1259,Denise Davenport,Corporate,Central,Technology,Machines,Label Maker,34834.8,4,0.3,-4968.79
ORD-01464,2022-06-27,CUST-1254,Barbara Dudley,Consumer,South,Furniture,Tables,Conference Table,23928.84,4,0.2,-3382.73
ORD-01829,2022-06-27,CUST-1191,Debra Morton,Home Office,North,Office Supplies,Paper,Sticky Notes Pack,2793.86,9,0.2,91.24
ORD-00413,2022-06-28,CUST-1171,Jamie Walton,Consumer,West,Furniture,Chairs,Recliner Chair,8874.62,1,0.15,-69.39
ORD-00746,2022-06-28,CUST-1256,Kristen Davis,Consumer,North,Technology,Machines,All-in-One Printer,85115.02,5,0,6072.12
ORD-01720,2022-06-28,CUST-1266,Joshua Reed,Corporate,East,Office Supplies,Binders,Ring Binder Set,1051.61,3,0,56.08
ORD-01928,2022-06-28,CUST-1209,Dr. William Warren,Home Office,West,Office Supplies,Storage,Storage Box,10810.18,6,0.2,392.08
ORD-01779,2022-06-29,CUST-1220,Bailey Duran DDS,Consumer,East,Furniture,Chairs,Executive Office Chair,36025.22,4,0,10506.69
ORD-01836,2022-06-30,CUST-1281,Amanda Jones,Home Office,Central,Furniture,Tables,Dining Table,130570.01,11,0,31944.84
ORD-01792,2022-07-01,CUST-1278,Marie Christian,Corporate,East,Furniture,Chairs,Executive Office Chair,31913.25,10,0.3,-2691.16
ORD-01889,2022-07-01,CUST-1210,Brian Lee,Consumer,West,Office Supplies,Binders,Clip Binder,7377.7,11,0,441.62
ORD-00258,2022-07-02,CUST-1114,Crystal Johnson,Consumer,East,Furniture,Bookcases,Corner Bookcase,35336.37,6,0,6754.93
ORD-00656,2022-07-02,CUST-1056,Michael Lewis,Home Office,Central,Technology,Accessories,USB-C Hub,539675.14,12,0,186785.69
ORD-00359,2022-07-03,CUST-1128,Jason Powell,Home Office,South,Technology,Phones,Cordless Phone,236768.46,11,0,20776.02
ORD-00679,2022-07-03,CUST-1238,David Davis,Corporate,West,Technology,Copiers,Office Copier Machine,5233.43,1,0.05,17.06
ORD-01441,2022-07-03,CUST-1213,Melissa Martinez,Corporate,North,Technology,Machines,Scanner,567099.48,10,0.05,12216.22
ORD-01579,2022-07-03,CUST-1161,Paul Castaneda,Home Office,Central,Office Supplies,Binders,View Binder,13404.37,8,0.15,-904.16
ORD-00521,2022-07-04,CUST-1204,Joseph Coleman,Consumer,South,Furniture,Chairs,Executive Office Chair,91180.34,9,0.1,12757.08
ORD-01356,2022-07-04,CUST-1168,Alyssa Day,Consumer,East,Office Supplies,Fasteners,Paper Clips Box,3155.24,11,0,213.22
ORD-00447,2022-07-05,CUST-1188,Samantha Garcia,Corporate,Central,Technology,Phones,Smartphone Pro Max,54220.56,5,0.2,4795.6
ORD-00972,2022-07-05,CUST-1260,Mrs. Kristen Reyes,Consumer,East,Technology,Machines,Laser Printer,183901.91,8,0,28763.06
ORD-00047,2022-07-06,CUST-1241,Andrew Avila,Home Office,East,Technology,Machines,Label Maker,108913.68,11,0.3,-32357.46
ORD-00325,2022-07-06,CUST-1075,Amy Silva,Consumer,West,Office Supplies,Envelopes,Mailing Envelopes Pack,2451.75,2,0.2,365.5
ORD-00708,2022-07-06,CUST-1027,Justin Baker,Home Office,West,Technology,Machines,All-in-One Printer,115631.82,4,0,16337.27
ORD-01611,2022-07-06,CUST-1088,Christopher Bass,Home Office,West,Office Supplies,Envelopes,Padded Envelopes,10067.7,12,0.3,-1717.03
ORD-01893,2022-07-06,CUST-1054,Mark Perez,Home Office,West,Furniture,Bookcases,Modern Bookcase,118805.17,11,0,7635.39
ORD-00372,2022-07-08,CUST-1293,Jeremy Reed,Home Office,West,Office Supplies,Art,Whiteboard,724.69,2,0,165.64
ORD-00171,2022-07-10,CUST-1167,Alyssa Long,Corporate,West,Furniture,Bookcases,Corner Bookcase,82585.66,7,0.05,15535.1
ORD-00272,2022-07-10,CUST-1191,Debra Morton,Home Office,East,Furniture,Chairs,Folding Chair,101174.46,7,0.3,-5532.65
ORD-01998,2022-07-10,CUST-1274,Shelly Alexander,Corporate,Central,Technology,Phones,Smartphone X200,13254.27,5,0.15,2737.09
ORD-01658,2022-07-11,CUST-1002,Noah Rhodes,Consumer,East,Furniture,Chairs,Recliner Chair,52790.89,8,0.2,9618.55
ORD-01105,2022-07-12,CUST-1233,Christopher Parker,Corporate,West,Office Supplies,Labels,Label Roll,6334.31,10,0.3,-1002.19
ORD-01186,2022-07-13,CUST-1003,Angie Henderson,Consumer,North,Technology,Phones,Smartphone Pro Max,40088.33,6,0.05,1650.98
ORD-01432,2022-07-13,CUST-1223,Elizabeth Oliver DDS,Home Office,North,Furniture,Furnishings,Desk Lamp,52971.4,9,0.15,4032.71
ORD-00535,2022-07-15,CUST-1286,Elaine Brooks,Corporate,North,Furniture,Bookcases,5-Shelf Bookcase,109354.28,8,0,5643.59
ORD-01751,2022-07-15,CUST-1168,Alyssa Day,Consumer,South,Office Supplies,Art,Whiteboard,78.98,2,0,25.2
ORD-00505,2022-07-17,CUST-1040,Brittany Farmer,Corporate,Central,Technology,Copiers,Desktop Copier,147839.73,5,0.15,20219.32
ORD-01202,2022-07-18,CUST-1019,Lisa Jackson,Consumer,East,Furniture,Furnishings,Desk Lamp,49118.89,5,0,7478.07
ORD-01789,2022-07-18,CUST-1164,Jeffrey Johnson,Home Office,West,Office Supplies,Binders,Clip Binder,17711.67,12,0.2,-1209.72
ORD-00757,2022-07-19,CUST-1019,Lisa Jackson,Consumer,South,Office Supplies,Art,Sketch Pad,9210.74,12,0.15,85.25
ORD-00896,2022-07-19,CUST-1279,Shannon James,Home Office,East,Furniture,Chairs,Recliner Chair,140792.69,11,0.15,-1574.01
ORD-00320,2022-07-20,CUST-1218,Mark Brown,Home Office,South,Technology,Copiers,Desktop Copier,105285.9,2,0.05,-1109.87
ORD-01448,2022-07-20,CUST-1209,Dr. William Warren,Home Office,South,Office Supplies,Art,Whiteboard,6614.35,5,0.2,-73.43
ORD-00157,2022-07-21,CUST-1241,Andrew Avila,Home Office,East,Furniture,Bookcases,Corner Bookcase,8140.12,7,0,1043.83
ORD-00932,2022-07-21,CUST-1197,Daniel Salinas,Consumer,Central,Office Supplies,Envelopes,Padded Envelopes,3247.31,7,0,746.46
ORD-00997,2022-07-21,CUST-1295,Ryan Gonzalez,Consumer,North,Furniture,Tables,Coffee Table,102528.36,10,0.2,16149.62
ORD-01306,2022-07-21,CUST-1069,James Brown,Consumer,East,Technology,Phones,Smartphone Lite,8863.79,3,0.3,-1772.26
ORD-01645,2022-07-22,CUST-1239,Sara Johnston,Consumer,Central,Technology,Phones,Smartphone X200,583892.47,11,0.15,51147.24
ORD-00383,2022-07-23,CUST-1162,Jennifer Adkins,Consumer,West,Office Supplies,Paper,A4 Paper Ream,7416.69,4,0,459.28
ORD-00584,2022-07-23,CUST-1278,Marie Christian,Corporate,South,Technology,Accessories,Mechanical Keyboard,47536.87,5,0,3217.02
ORD-00761,2022-07-24,CUST-1228,Michael Warner,Home Office,Central,Office Supplies,Binders,View Binder,7791.11,5,0.2,-1456.3
ORD-00910,2022-07-24,CUST-1242,Matthew Moon,Consumer,Central,Office Supplies,Envelopes,Mailing Envelopes Pack,11346.59,8,0,1886.62
ORD-01712,2022-07-24,CUST-1262,Desiree Tyler,Consumer,Central,Technology,Phones,Smartphone X200,272068.21,8,0,16964.24
ORD-00662,2022-07-25,CUST-1002,Noah Rhodes,Consumer,West,Office Supplies,Envelopes,Mailing Envelopes Pack,573.35,1,0.05,59.98
ORD-00665,2022-07-25,CUST-1198,Spencer Haynes,Corporate,East,Office Supplies,Art,Whiteboard,4722.08,3,0,417.24
ORD-00863,2022-07-25,CUST-1267,Kimberly Gibson,Consumer,East,Furniture,Chairs,Executive Office Chair,9938.73,4,0.05,964.2
ORD-00905,2022-07-25,CUST-1096,Anna Henderson,Consumer,East,Technology,Accessories,Webcam HD,14386.26,9,0.3,-1874.2
ORD-01293,2022-07-25,CUST-1146,Joyce Solis,Home Office,East,Technology,Copiers,Office Copier Machine,430892.29,10,0.05,46096.11
ORD-00337,2022-07-26,CUST-1167,Alyssa Long,Corporate,East,Office Supplies,Fasteners,Stapler,17260.95,9,0.15,171.95
ORD-00560,2022-07-26,CUST-1213,Melissa Martinez,Corporate,West,Technology,Accessories,Mechanical Keyboard,12441.57,9,0.15,1889.52
ORD-00660,2022-07-26,CUST-1005,Cristian Santos,Corporate,North,Technology,Phones,Smartphone X200,95139.31,2,0.1,22102.32
ORD-00710,2022-07-26,CUST-1221,Courtney Mills,Home Office,South,Technology,Copiers,Office Copier Machine,36505.0,6,0,5452.52
ORD-00825,2022-07-26,CUST-1061,Victoria Garcia,Corporate,West,Furniture,Chairs,Recliner Chair,3748.31,1,0.1,304.88
ORD-01301,2022-07-26,CUST-1219,Justin Torres,Corporate,East,Office Supplies,Paper,Printer Paper Bulk,2440.9,5,0,360.11
ORD-00613,2022-07-27,CUST-1011,Monica Herrera,Home Office,South,Technology,Phones,Cordless Phone,58547.8,4,0,19458.28
ORD-00563,2022-07-28,CUST-1288,Carolyn Miller,Corporate,North,Office Supplies,Paper,A4 Paper Ream,8096.49,11,0.1,1103.17
ORD-01510,2022-07-28,CUST-1244,Brandon Bailey MD,Consumer,West,Technology,Machines,Scanner,99989.12,2,0,32766.21
ORD-01559,2022-07-28,CUST-1086,Daniel Baker,Corporate,Central,Furniture,Chairs,Mesh Task Chair,16464.17,7,0,5413.23
ORD-00491,2022-07-29,CUST-1112,Shannon Walker,Corporate,South,Office Supplies,Art,Marker Set,9547.13,9,0,1672.69
ORD-00098,2022-07-30,CUST-1265,Yvonne Burns,Home Office,North,Technology,Phones,Smartphone Lite,154735.79,5,0,51669.99
ORD-00994,2022-07-31,CUST-1046,Philip Cannon,Consumer,Central,Office Supplies,Labels,Label Roll,9639.36,11,0,2327.11
ORD-01683,2022-07-31,CUST-1290,Briana Murray,Consumer,South,Office Supplies,Binders,Ring Binder Set,4673.18,3,0.1,1125.37
ORD-01960,2022-07-31,CUST-1141,Cheyenne Horton,Corporate,Central,Office Supplies,Art,Sketch Pad,594.39,5,0,141.07
ORD-00297,2022-08-01,CUST-1106,Marc Moore,Corporate,Central,Office Supplies,Envelopes,Mailing Envelopes Pack,17272.79,12,0,1317.16
ORD-00728,2022-08-01,CUST-1139,David Alvarez,Consumer,West,Office Supplies,Labels,Sticker Sheet,20714.32,12,0,5869.1
ORD-00895,2022-08-01,CUST-1020,Carla Gray,Consumer,East,Furniture,Tables,Study Table,5102.87,3,0.3,370.19
ORD-01187,2022-08-01,CUST-1009,Gabrielle Davis,Home Office,West,Furniture,Tables,Study Table,172568.73,12,0.2,-26404.58
ORD-01674,2022-08-01,CUST-1218,Mark Brown,Home Office,Central,Furniture,Tables,Study Table,2787.08,3,0,219.33
ORD-01313,2022-08-03,CUST-1067,Tracy House,Home Office,South,Furniture,Chairs,Executive Office Chair,19774.47,8,0.3,2379.57
ORD-01842,2022-08-03,CUST-1040,Brittany Farmer,Corporate,East,Furniture,Bookcases,Corner Bookcase,9945.31,1,0.05,2771.45
ORD-00719,2022-08-06,CUST-1196,Allen Rosales,Consumer,East,Office Supplies,Art,Sketch Pad,5068.02,4,0.2,-251.64
ORD-00334,2022-08-07,CUST-1062,Gerald Hensley,Home Office,North,Office Supplies,Supplies,Tape Dispenser,103.68,1,0.3,-8.63
ORD-01963,2022-08-07,CUST-1188,Samantha Garcia,Corporate,Central,Technology,Copiers,Office Copier Machine,68811.58,2,0.2,-2357.92
ORD-00138,2022-08-08,CUST-1172,Darlene Miller,Corporate,East,Technology,Copiers,Desktop Copier,106297.56,9,0,28629.74
ORD-00810,2022-08-08,CUST-1171,Jamie Walton,Consumer,Central,Furniture,Bookcases,Modern Bookcase,84108.78,8,0,21907.97
ORD-01378,2022-08-08,CUST-1008,Gina Moore,Consumer,East,Furniture,Chairs,Mesh Task Chair,64072.38,9,0.2,4971.49
ORD-01525,2022-08-08,CUST-1115,Garrett Lin,Home Office,Central,Furniture,Chairs,Recliner Chair,82492.74,10,0,5714.25
ORD-00124,2022-08-09,CUST-1221,Courtney Mills,Home Office,South,Technology,Machines,Scanner,20124.68,6,0.15,2614.94
ORD-01126,2022-08-09,CUST-1281,Amanda Jones,Home Office,Central,Technology,Accessories,Wireless Mouse,150385.16,12,0,7963.92
ORD-01890,2022-08-09,CUST-1087,Shirley Suarez,Home Office,East,Office Supplies,Binders,Ring Binder Set,8478.62,7,0,2360.66
ORD-00078,2022-08-10,CUST-1180,Robert Oconnell,Consumer,Central,Technology,Phones,Cordless Phone,259180.11,10,0,60310.82
ORD-01208,2022-08-11,CUST-1044,Anthony Humphrey,Corporate,South,Furniture,Chairs,Mesh Task Chair,14506.63,7,0.1,2070.63
ORD-00401,2022-08-12,CUST-1214,Katherine Salas,Home Office,South,Furniture,Bookcases,Modern Bookcase,115796.42,11,0,39357.81
ORD-00472,2022-08-12,CUST-1085,Zachary Ferrell,Home Office,East,Furniture,Tables,Dining Table,39562.2,3,0.1,2243.99
ORD-00861,2022-08-13,CUST-1062,Gerald Hensley,Home Office,West,Technology,Copiers,Office Copier Machine,119173.42,2,0,40582.35
ORD-00790,2022-08-14,CUST-1124,Michelle Harmon,Consumer,North,Technology,Accessories,USB-C Hub,31993.86,1,0,10496.49
ORD-00380,2022-08-16,CUST-1157,Joshua Perry,Corporate,West,Technology,Phones,Cordless Phone,51795.82,4,0.1,5300.57
ORD-01050,2022-08-16,CUST-1101,Sandra Aguilar,Home Office,East,Technology,Phones,Cordless Phone,298365.69,10,0.2,52055.07
ORD-00919,2022-08-17,CUST-1183,Angela Vaughn,Home Office,North,Office Supplies,Envelopes,Mailing Envelopes Pack,4377.12,3,0.3,-232.33
ORD-00411,2022-08-18,CUST-1192,Karen Graham,Consumer,North,Furniture,Chairs,Folding Chair,7753.99,9,0.05,797.58
ORD-01531,2022-08-19,CUST-1145,Amber Wright,Consumer,West,Office Supplies,Paper,A4 Paper Ream,13234.06,8,0.2,100.92
ORD-01211,2022-08-20,CUST-1287,Joseph Knight,Home Office,West,Technology,Accessories,Wireless Mouse,473266.85,9,0.05,128718.92
ORD-00882,2022-08-21,CUST-1020,Carla Gray,Consumer,West,Technology,Accessories,Webcam HD,98882.93,3,0.1,-6358.12
ORD-00189,2022-08-22,CUST-1138,Courtney Gonzalez,Consumer,Central,Technology,Phones,Smartphone Pro Max,231135.61,9,0.05,14872.89
ORD-01328,2022-08-22,CUST-1101,Sandra Aguilar,Home Office,North,Furniture,Furnishings,Desk Lamp,49257.18,6,0.2,2058.47
ORD-01986,2022-08-22,CUST-1002,Noah Rhodes,Consumer,East,Office Supplies,Binders,Ring Binder Set,6166.14,9,0.1,-216.03
ORD-00030,2022-08-23,CUST-1084,Paul Jones,Consumer,East,Furniture,Chairs,Recliner Chair,103215.36,10,0.05,1369.48
ORD-01984,2022-08-23,CUST-1206,David Martinez,Home Office,South,Office Supplies,Binders,View Binder,7849.57,12,0.2,169.47
ORD-00008,2022-08-25,CUST-1055,Shannon Jones,Corporate,Central,Furniture,Bookcases,Corner Bookcase,35541.3,10,0.1,4496.35
ORD-00669,2022-08-25,CUST-1149,Kathy Rivas,Corporate,North,Furniture,Chairs,Recliner Chair,109042.88,12,0.15,-3683.53
ORD-00436,2022-08-26,CUST-1027,Justin Baker,Home Office,South,Technology,Copiers,Office Copier Machine,284553.15,5,0.05,29496.74
ORD-01292,2022-08-26,CUST-1167,Alyssa Long,Corporate,East,Furniture,Tables,Conference Table,32573.89,6,0.2,2613.53
ORD-00492,2022-08-27,CUST-1068,Carol Tucker,Consumer,North,Technology,Machines,Label Maker,588926.53,12,0.15,-11213.45
ORD-00922,2022-08-27,CUST-1099,Jessica Smith,Corporate,Central,Technology,Machines,All-in-One Printer,271702.95,12,0.2,-28620.27
ORD-01383,2022-08-28,CUST-1008,Gina Moore,Consumer,South,Furniture,Tables,Conference Table,1413.95,1,0.2,-279.43
ORD-00682,2022-08-29,CUST-1093,Denise Jacobs,Consumer,Central,Office Supplies,Storage,Storage Box,877.53,9,0.05,189.9
ORD-00698,2022-08-30,CUST-1149,Kathy Rivas,Corporate,East,Technology,Machines,Label Maker,151924.94,4,0.1,27774.8
ORD-00831,2022-08-30,CUST-1189,Madison Poole,Consumer,East,Furniture,Bookcases,Corner Bookcase,3953.47,1,0.2,-13.54
ORD-00388,2022-08-31,CUST-1095,John Whitehead,Home Office,East,Furniture,Chairs,Recliner Chair,101061.41,7,0.1,2707.81
ORD-00493,2022-08-31,CUST-1114,Crystal Johnson,Consumer,South,Office Supplies,Storage,Plastic Drawer Unit,7850.39,4,0.2,3.45
ORD-01203,2022-09-01,CUST-1048,Shane Henderson,Consumer,East,Office Supplies,Art,Marker Set,10571.58,8,0,3466.09
ORD-01621,2022-09-01,CUST-1050,Eric Carney,Corporate,South,Technology,Phones,Smartphone X200,173744.49,9,0.15,23252.56
ORD-00291,2022-09-02,CUST-1194,Angelica Keith,Corporate,North,Technology,Machines,Label Maker,152421.14,3,0.3,10130.68
ORD-00945,2022-09-02,CUST-1101,Sandra Aguilar,Home Office,East,Technology,Copiers,Desktop Copier,564603.84,12,0.05,129427.15
ORD-01773,2022-09-02,CUST-1058,Richard Aguirre,Corporate,Central,Office Supplies,Envelopes,Mailing Envelopes Pack,6755.13,5,0,635.13
ORD-00083,2022-09-03,CUST-1004,Daniel Wagner,Home Office,West,Office Supplies,Envelopes,Mailing Envelopes Pack,3031.56,3,0.15,-402.11
ORD-00219,2022-09-03,CUST-1047,John Pierce,Corporate,South,Office Supplies,Fasteners,Push Pins Pack,20592.18,12,0,1593.09
ORD-00441,2022-09-03,CUST-1045,Angelica Tucker,Consumer,Central,Furniture,Furnishings,Office Partition,95787.97,11,0,12069.35
ORD-01090,2022-09-03,CUST-1155,Brenda Hall,Corporate,South,Technology,Copiers,Desktop Copier,89464.71,2,0,28099.72
ORD-01283,2022-09-03,CUST-1263,Timothy Romero,Home Office,Central,Furniture,Chairs,Folding Chair,75216.12,10,0.15,8215.33
ORD-01593,2022-09-03,CUST-1055,Shannon Jones,Corporate,West,Technology,Phones,Smartphone Lite,177808.31,5,0,35948.78
ORD-00199,2022-09-04,CUST-1217,Rodney Morales,Home Office,South,Technology,Phones,Smartphone Lite,338909.36,7,0.15,74128.73
ORD-01074,2022-09-04,CUST-1152,Pamela Boyd,Corporate,North,Office Supplies,Art,Whiteboard,7717.71,9,0,1076.26
ORD-01723,2022-09-04,CUST-1281,Amanda Jones,Home Office,South,Furniture,Tables,Dining Table,93617.04,7,0.1,16045.93
ORD-00037,2022-09-05,CUST-1099,Jessica Smith,Corporate,East,Furniture,Tables,Study Table,44839.07,4,0.1,9456.13
ORD-00937,2022-09-05,CUST-1274,Shelly Alexander,Corporate,North,Technology,Copiers,Desktop Copier,248749.86,5,0,39554.21
ORD-00783,2022-09-06,CUST-1192,Karen Graham,Consumer,Central,Furniture,Chairs,Mesh Task Chair,12469.12,1,0.2,3.73
ORD-01176,2022-09-06,CUST-1257,Susan Murray MD,Corporate,Central,Technology,Phones,Smartphone Pro Max,519135.88,11,0,80970.69
ORD-01652,2022-09-06,CUST-1201,Melissa Brewer,Consumer,Central,Furniture,Furnishings,Office Partition,127265.23,11,0.1,9202.2
ORD-00772,2022-09-07,CUST-1099,Jessica Smith,Corporate,Central,Furniture,Chairs,Mesh Task Chair,52278.71,4,0.15,211.89
ORD-01458,2022-09-07,CUST-1254,Barbara Dudley,Consumer,Central,Technology,Accessories,Mechanical Keyboard,87748.8,2,0.1,6545.11
ORD-00522,2022-09-08,CUST-1161,Paul Castaneda,Home Office,East,Office Supplies,Envelopes,Mailing Envelopes Pack,3107.55,7,0.1,330.68
ORD-00769,2022-09-09,CUST-1055,Shannon Jones,Corporate,South,Technology,Machines,All-in-One Printer,101448.06,2,0.05,11939.24
ORD-00929,2022-09-10,CUST-1050,Eric Carney,Corporate,West,Furniture,Tables,Conference Table,46955.6,10,0.2,2094.98
ORD-01192,2022-09-10,CUST-1189,Madison Poole,Consumer,East,Technology,Copiers,Office Copier Machine,412064.38,8,0.2,-48638.74
ORD-00636,2022-09-12,CUST-1274,Shelly Alexander,Corporate,West,Furniture,Chairs,Executive Office Chair,49083.74,11,0,15599.12
ORD-00762,2022-09-12,CUST-1180,Robert Oconnell,Consumer,West,Technology,Copiers,Desktop Copier,183608.28,6,0.1,358.35
ORD-00780,2022-09-12,CUST-1232,Susan Serrano,Home Office,South,Office Supplies,Labels,Sticker Sheet,5177.84,4,0,1674.99
ORD-00572,2022-09-13,CUST-1230,Lori Guerrero,Corporate,East,Office Supplies,Binders,Clip Binder,11869.32,6,0.05,1375.35
ORD-00971,2022-09-13,CUST-1048,Shane Henderson,Consumer,South,Office Supplies,Paper,A4 Paper Ream,4870.4,4,0.15,331.13
ORD-01756,2022-09-14,CUST-1292,Stephanie Byrd,Consumer,Central,Furniture,Bookcases,Corner Bookcase,21687.97,9,0.15,-1984.12
ORD-01853,2022-09-14,CUST-1275,Joyce Bowen,Corporate,West,Technology,Accessories,Mechanical Keyboard,25657.72,1,0.15,3936.1
ORD-01992,2022-09-14,CUST-1272,Veronica Simpson,Consumer,Central,Furniture,Furnishings,Desk Lamp,58791.82,7,0,4487.84
ORD-01398,2022-09-16,CUST-1188,Samantha Garcia,Corporate,West,Furniture,Chairs,Executive Office Chair,19331.43,2,0.15,-862.05
ORD-01634,2022-09-16,CUST-1235,Michael Lyons,Consumer,South,Technology,Copiers,Desktop Copier,227455.57,9,0.15,31181.64
ORD-00773,2022-09-17,CUST-1138,Courtney Gonzalez,Consumer,East,Technology,Accessories,Wireless Mouse,235319.37,6,0.3,-59555.83
ORD-00462,2022-09-18,CUST-1017,Holly Wood,Consumer,Central,Furniture,Bookcases,5-Shelf Bookcase,25697.89,2,0.15,-85.27
ORD-01233,2022-09-19,CUST-1269,Cynthia Rowe,Corporate,North,Furniture,Furnishings,Wall Clock,77872.68,8,0,26329.58
ORD-00283,2022-09-20,CUST-1054,Mark Perez,Home Office,West,Office Supplies,Labels,Sticker Sheet,10706.51,7,0.1,910.86
ORD-00979,2022-09-20,CUST-1166,John Anderson,Home Office,Central,Technology,Phones,Smartphone Pro Max,409300.14,8,0.05,56953.23
ORD-01748,2022-09-21,CUST-1006,Connie Lawrence,Consumer,West,Technology,Copiers,Desktop Copier,274247.99,8,0.05,75120.45
ORD-01872,2022-09-21,CUST-1070,William Baker,Home Office,South,Technology,Phones,Smartphone X200,351874.25,6,0,22575.36
ORD-00628,2022-09-22,CUST-1275,Joyce Bowen,Corporate,West,Technology,Phones,Smartphone Pro Max,50315.67,4,0.3,-11315.64
ORD-00714,2022-09-22,CUST-1149,Kathy Rivas,Corporate,North,Office Supplies,Binders,View Binder,5502.78,4,0,548.38
ORD-00748,2022-09-22,CUST-1226,Benjamin Smith,Corporate,East,Office Supplies,Labels,Sticker Sheet,1080.8,2,0,255.27
ORD-00115,2022-09-23,CUST-1045,Angelica Tucker,Consumer,North,Technology,Copiers,Office Copier Machine,222688.63,9,0,76095.8
ORD-00829,2022-09-23,CUST-1139,David Alvarez,Consumer,North,Furniture,Chairs,Folding Chair,33894.48,9,0.05,971.59
ORD-00924,2022-09-23,CUST-1141,Cheyenne Horton,Corporate,East,Technology,Machines,Laser Printer,170511.23,4,0.1,26858.52
ORD-00529,2022-09-24,CUST-1211,Christopher Smith,Consumer,East,Technology,Copiers,Desktop Copier,178516.59,5,0.1,3239.98
ORD-01272,2022-09-24,CUST-1153,Denise Jones,Corporate,Central,Technology,Phones,Smartphone X200,188380.66,5,0,48712.25
ORD-01145,2022-09-25,CUST-1213,Melissa Martinez,Corporate,North,Furniture,Tables,Conference Table,29617.58,5,0.2,-2527.95
ORD-01885,2022-09-25,CUST-1195,John Bishop,Corporate,North,Technology,Accessories,Wireless Mouse,73857.22,2,0,16010.74
ORD-00265,2022-09-26,CUST-1109,Evelyn Galvan,Consumer,North,Office Supplies,Storage,Storage Box,4577.29,6,0.1,773.84
ORD-00389,2022-09-27,CUST-1095,John Whitehead,Home Office,North,Office Supplies,Fasteners,Push Pins Pack,4772.07,10,0,752.93
ORD-00204,2022-09-28,CUST-1199,Adam Vaughan,Corporate,Central,Technology,Machines,All-in-One Printer,370327.3,8,0,20048.79
ORD-00473,2022-09-28,CUST-1243,Kevin Walters,Home Office,East,Technology,Copiers,Desktop Copier,8077.93,5,0.15,380.38
ORD-00537,2022-09-28,CUST-1046,Philip Cannon,Consumer,East,Office Supplies,Envelopes,Mailing Envelopes Pack,1365.93,5,0.1,179.92
ORD-01397,2022-09-28,CUST-1054,Mark Perez,Home Office,Central,Technology,Machines,Label Maker,24069.4,8,0,1224.31
ORD-00200,2022-09-30,CUST-1074,Lauren Daniels,Consumer,North,Office Supplies,Binders,View Binder,4860.35,11,0,1584.32
ORD-01191,2022-09-30,CUST-1112,Shannon Walker,Corporate,East,Furniture,Chairs,Mesh Task Chair,25274.73,12,0.15,385.25
ORD-01279,2022-09-30,CUST-1273,Jonathan Lawrence,Home Office,Central,Technology,Copiers,Desktop Copier,216482.47,4,0,32917.42
ORD-00911,2022-10-01,CUST-1205,Erin Warner,Consumer,East,Technology,Copiers,Office Copier Machine,265068.6,9,0,30882.67
ORD-01011,2022-10-01,CUST-1203,Elizabeth Perkins,Home Office,South,Office Supplies,Supplies,Glue Stick,4324.3,9,0.2,-495.79
ORD-01528,2022-10-01,CUST-1001,Allison Hill,Home Office,North,Technology,Accessories,Webcam HD,231858.88,8,0.15,14796.56
ORD-00185,2022-10-02,CUST-1161,Paul Castaneda,Home Office,North,Furniture,Bookcases,5-Shelf Bookcase,17738.81,3,0,3945.85
ORD-01228,2022-10-02,CUST-1239,Sara Johnston,Consumer,Central,Office Supplies,Binders,View Binder,15424.57,12,0.1,-308.54
ORD-01689,2022-10-02,CUST-1029,Zachary Hicks,Home Office,North,Furniture,Tables,Dining Table,23605.92,7,0.15,1145.4
ORD-01951,2022-10-02,CUST-1048,Shane Henderson,Consumer,East,Technology,Accessories,Mechanical Keyboard,175795.42,4,0,57650.25
ORD-00504,2022-10-03,CUST-1016,Brian Ramirez,Corporate,North,Office Supplies,Binders,Ring Binder Set,6220.91,8,0.15,-450.85
ORD-00960,2022-10-03,CUST-1038,Cassandra Gaines,Home Office,East,Office Supplies,Envelopes,Mailing Envelopes Pack,3397.31,3,0.3,-673.52
ORD-01368,2022-10-04,CUST-1210,Brian Lee,Consumer,East,Furniture,Furnishings,Desk Lamp,33274.44,3,0.1,-243.9
ORD-01589,2022-10-05,CUST-1252,Olivia Harris,Consumer,South,Furniture,Bookcases,5-Shelf Bookcase,52685.02,8,0,6795.8
ORD-01182,2022-10-08,CUST-1133,Mary Marshall,Home Office,West,Furniture,Bookcases,Corner Bookcase,103102.99,7,0.3,-10045.38
ORD-00676,2022-10-09,CUST-1227,Kirk Carter,Corporate,West,Technology,Accessories,Mechanical Keyboard,47922.43,4,0.15,5100.62
ORD-01380,2022-10-09,CUST-1130,Megan Orr,Home Office,West,Furniture,Chairs,Executive Office Chair,177650.25,12,0.1,6979.66
ORD-01447,2022-10-09,CUST-1176,Alex Hernandez,Corporate,Central,Office Supplies,Labels,Sticker Sheet,18736.27,11,0,3937.25
ORD-01648,2022-10-09,CUST-1240,Yvonne Chambers,Home Office,Central,Furniture,Tables,Dining Table,28419.31,2,0,8064.24
ORD-01775,2022-10-09,CUST-1101,Sandra Aguilar,Home Office,North,Technology,Phones,Cordless Phone,345979.16,7,0.05,61208.04
ORD-00852,2022-10-10,CUST-1134,Daniel Kennedy,Corporate,East,Technology,Machines,Laser Printer,60900.1,2,0.3,-8648.09
ORD-01625,2022-10-10,CUST-1114,Crystal Johnson,Consumer,Central,Technology,Machines,Laser Printer,70942.79,3,0.15,8139.62
ORD-01777,2022-10-10,CUST-1197,Daniel Salinas,Consumer,North,Office Supplies,Fasteners,Stapler,5448.86,3,0,625.66
ORD-00467,2022-10-11,CUST-1208,Cathy Robinson,Consumer,South,Technology,Copiers,Desktop Copier,590018.4,11,0,81998.98
ORD-01289,2022-10-11,CUST-1253,Tanya Kim,Corporate,East,Office Supplies,Labels,Sticker Sheet,7699.41,9,0.15,1281.04
ORD-01340,2022-10-11,CUST-1083,Michael Evans,Corporate,North,Technology,Machines,All-in-One Printer,583593.94,10,0,123564.3
ORD-01386,2022-10-11,CUST-1100,Stephen Mckee,Corporate,East,Technology,Copiers,Office Copier Machine,26198.61,11,0,4902.11
ORD-00733,2022-10-13,CUST-1151,David Wright,Consumer,West,Furniture,Furnishings,Desk Lamp,50013.66,4,0,8164.14
ORD-00806,2022-10-13,CUST-1103,Rebecca Valencia,Home Office,East,Furniture,Furnishings,Office Partition,19461.61,4,0.3,-954.41
ORD-00908,2022-10-13,CUST-1067,Tracy House,Home Office,East,Furniture,Chairs,Recliner Chair,36364.8,3,0,9003.29
ORD-00221,2022-10-14,CUST-1063,Connor West,Home Office,North,Furniture,Tables,Study Table,49773.06,4,0,11183.86
ORD-00573,2022-10-14,CUST-1194,Angelica Keith,Corporate,Central,Office Supplies,Art,Marker Set,9369.17,6,0.3,-2661.74
ORD-01144,2022-10-14,CUST-1155,Brenda Hall,Corporate,West,Furniture,Tables,Conference Table,54412.49,4,0.3,-2717.23
ORD-01921,2022-10-14,CUST-1184,Ashley Barton,Home Office,South,Office Supplies,Binders,View Binder,6198.06,5,0,1500.21
ORD-01927,2022-10-14,CUST-1223,Elizabeth Oliver DDS,Home Office,West,Furniture,Chairs,Folding Chair,5815.58,3,0,1737.5
ORD-00963,2022-10-15,CUST-1062,Gerald Hensley,Home Office,West,Technology,Copiers,Office Copier Machine,3899.1,1,0.15,-334.23
ORD-00093,2022-10-17,CUST-1180,Robert Oconnell,Consumer,East,Office Supplies,Envelopes,Mailing Envelopes Pack,11266.66,10,0.15,1334.4
ORD-00381,2022-10-17,CUST-1010,Ryan Munoz,Consumer,West,Office Supplies,Binders,Clip Binder,4197.37,3,0.1,-207.98
ORD-01622,2022-10-17,CUST-1294,Margaret Coleman,Corporate,East,Furniture,Chairs,Mesh Task Chair,46933.99,11,0.15,-3677.74
ORD-00814,2022-10-18,CUST-1124,Michelle Harmon,Consumer,South,Office Supplies,Art,Sketch Pad,15352.01,8,0.3,-1110.76
ORD-00939,2022-10-18,CUST-1125,Helen Jones,Corporate,West,Furniture,Bookcases,5-Shelf Bookcase,58857.09,6,0.3,-5964.78
ORD-01654,2022-10-18,CUST-1046,Philip Cannon,Consumer,East,Furniture,Chairs,Folding Chair,62200.23,5,0,7170.17
ORD-01347,2022-10-19,CUST-1082,Mike Allen,Corporate,East,Office Supplies,Art,Whiteboard,144.76,7,0.05,12.27
ORD-01643,2022-10-19,CUST-1052,Danny Morgan,Corporate,Central,Technology,Phones,Smartphone X200,239881.2,4,0.3,-26972.33
ORD-00578,2022-10-20,CUST-1073,Brittney Phillips,Consumer,Central,Technology,Phones,Cordless Phone,246008.83,5,0,52710.14
ORD-00980,2022-10-20,CUST-1116,Diana May,Home Office,North,Office Supplies,Paper,Printer Paper Bulk,3601.93,7,0.1,-38.0
ORD-01241,2022-10-20,CUST-1108,Sierra Johnson,Consumer,Central,Technology,Machines,Laser Printer,107625.44,2,0.3,3367.62
ORD-01933,2022-10-20,CUST-1117,William Herrera,Corporate,North,Technology,Machines,All-in-One Printer,15737.32,3,0.3,-3067.36
ORD-00059,2022-10-21,CUST-1119,Victor Baker,Home Office,West,Office Supplies,Fasteners,Paper Clips Box,4706.01,5,0.1,882.31
ORD-00687,2022-10-21,CUST-1275,Joyce Bowen,Corporate,South,Furniture,Bookcases,Modern Bookcase,118329.39,12,0,20814.84
ORD-00418,2022-10-22,CUST-1133,Mary Marshall,Home Office,East,Technology,Accessories,USB-C Hub,12640.61,6,0.15,-104.53
ORD-00427,2022-10-22,CUST-1250,Kimberly Gutierrez,Consumer,West,Furniture,Chairs,Mesh Task Chair,134047.69,11,0.2,6179.02
ORD-00990,2022-10-22,CUST-1247,Krista Gibson,Home Office,South,Furniture,Furnishings,Desk Lamp,72331.98,11,0.15,-10730.02
ORD-01793,2022-10-22,CUST-1246,Donna Landry,Consumer,South,Office Supplies,Storage,Storage Box,5329.71,10,0,1655.26
ORD-00153,2022-10-23,CUST-1238,David Davis,Corporate,North,Office Supplies,Envelopes,Padded Envelopes,4724.02,9,0.15,144.92
ORD-00608,2022-10-24,CUST-1030,Anthony Rodriguez,Home Office,South,Office Supplies,Binders,Clip Binder,10912.98,6,0,1663.85
ORD-01375,2022-10-24,CUST-1137,Robert Potter,Corporate,Central,Furniture,Bookcases,5-Shelf Bookcase,3356.61,5,0,686.13
ORD-00554,2022-10-25,CUST-1124,Michelle Harmon,Consumer,West,Office Supplies,Art,Marker Set,4276.6,5,0,426.94
ORD-01354,2022-10-25,CUST-1050,Eric Carney,Corporate,East,Furniture,Furnishings,Wall Clock,55972.62,7,0.15,1337.56
ORD-01471,2022-10-25,CUST-1108,Sierra Johnson,Consumer,South,Office Supplies,Storage,Storage Box,3830.36,3,0.1,232.62
ORD-01772,2022-10-25,CUST-1200,Nathan Freeman,Consumer,West,Furniture,Chairs,Recliner Chair,40475.86,9,0,11742.16
ORD-00288,2022-10-27,CUST-1032,James Ferrell,Consumer,East,Furniture,Chairs,Recliner Chair,15887.68,8,0.05,3489.89
ORD-00942,2022-10-28,CUST-1150,Stephanie Manning,Home Office,West,Technology,Accessories,Wireless Mouse,36629.17,4,0.15,2912.87
ORD-00242,2022-10-29,CUST-1062,Gerald Hensley,Home Office,West,Furniture,Tables,Study Table,9318.79,4,0.2,-1434.51
ORD-01672,2022-10-29,CUST-1247,Krista Gibson,Home Office,North,Furniture,Chairs,Folding Chair,59658.65,6,0.3,-6999.88
ORD-00243,2022-10-30,CUST-1133,Mary Marshall,Home Office,East,Office Supplies,Paper,A4 Paper Ream,12012.81,7,0.3,2059.47
ORD-00477,2022-10-30,CUST-1191,Debra Morton,Home Office,West,Office Supplies,Storage,Plastic Drawer Unit,9317.58,5,0,3115.21
ORD-00677,2022-10-30,CUST-1193,Debra Christian,Home Office,West,Office Supplies,Storage,Storage Box,3782.45,2,0,1301.48
ORD-00729,2022-10-30,CUST-1200,Nathan Freeman,Consumer,West,Office Supplies,Supplies,Scissors,1142.77,2,0,167.89
ORD-00756,2022-10-30,CUST-1256,Kristen Davis,Consumer,East,Furniture,Furnishings,Wall Clock,98758.33,9,0,23730.43
ORD-01010,2022-10-30,CUST-1033,Tricia Valencia,Corporate,East,Furniture,Bookcases,Modern Bookcase,71182.96,5,0.3,-14240.9
ORD-00074,2022-10-31,CUST-1034,Nathan Maldonado,Home Office,South,Technology,Machines,Scanner,273868.1,10,0,78854.52
ORD-00717,2022-10-31,CUST-1143,Patricia Rodriguez,Consumer,South,Technology,Phones,Smartphone Lite,1534.31,4,0.15,-106.78
ORD-01624,2022-10-31,CUST-1028,Stephanie Ross,Home Office,North,Furniture,Tables,Coffee Table,120502.33,11,0,30922.77
ORD-01633,2022-11-01,CUST-1133,Mary Marshall,Home Office,South,Technology,Copiers,Desktop Copier,257800.45,8,0.15,23109.41
ORD-01065,2022-11-02,CUST-1205,Erin Warner,Consumer,East,Furniture,Furnishings,Office Partition,8070.18,3,0,1350.85
ORD-01219,2022-11-02,CUST-1138,Courtney Gonzalez,Consumer,Central,Furniture,Bookcases,Corner Bookcase,13315.17,11,0.2,777.22
ORD-01767,2022-11-03,CUST-1092,Brian Rodriguez,Home Office,North,Office Supplies,Binders,View Binder,1349.72,4,0,164.08
ORD-00211,2022-11-04,CUST-1092,Brian Rodriguez,Home Office,North,Office Supplies,Envelopes,Mailing Envelopes Pack,3920.83,6,0,868.31
ORD-01466,2022-11-05,CUST-1227,Kirk Carter,Corporate,South,Office Supplies,Art,Whiteboard,7399.09,10,0.3,-1044.27
ORD-01638,2022-11-05,CUST-1045,Angelica Tucker,Consumer,East,Office Supplies,Envelopes,Padded Envelopes,7266.96,10,0,400.83
ORD-00875,2022-11-07,CUST-1049,Joshua Blair,Corporate,Central,Technology,Accessories,USB-C Hub,268115.74,6,0.3,-31766.62
ORD-01312,2022-11-07,CUST-1060,John Daniel,Home Office,South,Furniture,Chairs,Folding Chair,50855.11,7,0,4311.5
ORD-01427,2022-11-07,CUST-1060,John Daniel,Home Office,North,Technology,Copiers,Office Copier Machine,148364.39,4,0.15,18364.08
ORD-00966,2022-11-08,CUST-1170,Daniel Murphy,Corporate,North,Furniture,Bookcases,Corner Bookcase,106435.24,9,0,18140.8
ORD-00076,2022-11-09,CUST-1243,Kevin Walters,Home Office,North,Furniture,Chairs,Executive Office Chair,13301.29,7,0,3005.29
ORD-01635,2022-11-09,CUST-1067,Tracy House,Home Office,East,Furniture,Furnishings,Wall Clock,62180.72,9,0.1,3668.95
ORD-01444,2022-11-10,CUST-1044,Anthony Humphrey,Corporate,Central,Office Supplies,Envelopes,Padded Envelopes,9372.18,6,0.1,811.0
ORD-01821,2022-11-10,CUST-1285,Stephanie Williams,Consumer,East,Furniture,Tables,Coffee Table,65353.38,7,0,12365.62
ORD-00111,2022-11-11,CUST-1231,Jessica Stephens,Corporate,East,Technology,Copiers,Desktop Copier,222069.12,10,0.1,14109.97
ORD-00292,2022-11-11,CUST-1166,John Anderson,Home Office,Central,Furniture,Bookcases,Corner Bookcase,84773.23,10,0.05,24250.74
ORD-00476,2022-11-11,CUST-1083,Michael Evans,Corporate,South,Furniture,Chairs,Recliner Chair,23338.66,10,0,5826.87
ORD-00435,2022-11-12,CUST-1254,Barbara Dudley,Consumer,West,Technology,Accessories,Webcam HD,154657.77,12,0.15,-7479.5
ORD-01372,2022-11-12,CUST-1230,Lori Guerrero,Corporate,East,Office Supplies,Supplies,Tape Dispenser,9124.85,10,0.2,1192.33
ORD-01472,2022-11-12,CUST-1095,John Whitehead,Home Office,South,Office Supplies,Labels,Sticker Sheet,1243.51,1,0.15,-74.73
ORD-01434,2022-11-13,CUST-1261,Katie Suarez,Home Office,Central,Technology,Accessories,USB-C Hub,113197.24,6,0,39463.8
ORD-01649,2022-11-13,CUST-1067,Tracy House,Home Office,South,Office Supplies,Envelopes,Padded Envelopes,3295.77,8,0.15,725.74
ORD-01749,2022-11-13,CUST-1281,Amanda Jones,Home Office,South,Furniture,Bookcases,Modern Bookcase,89077.91,12,0.3,-1981.74
ORD-00095,2022-11-14,CUST-1040,Brittany Farmer,Corporate,East,Furniture,Chairs,Recliner Chair,24002.11,10,0,6393.08
ORD-01163,2022-11-14,CUST-1019,Lisa Jackson,Consumer,North,Furniture,Chairs,Mesh Task Chair,29948.55,2,0.1,4861.77
ORD-01503,2022-11-14,CUST-1117,William Herrera,Corporate,Central,Technology,Phones,Smartphone Lite,110061.8,3,0.2,-4203.15
ORD-00218,2022-11-15,CUST-1055,Shannon Jones,Corporate,South,Technology,Copiers,Office Copier Machine,151828.32,7,0.3,-13210.59
ORD-00701,2022-11-15,CUST-1129,Cameron Fisher,Home Office,South,Technology,Copiers,Office Copier Machine,267819.73,5,0.1,-3012.63
ORD-01835,2022-11-15,CUST-1009,Gabrielle Davis,Home Office,West,Technology,Phones,Smartphone Lite,163884.59,4,0,39268.46
ORD-00478,2022-11-16,CUST-1003,Angie Henderson,Consumer,Central,Office Supplies,Labels,Sticker Sheet,12105.92,8,0,3509.18
ORD-00463,2022-11-18,CUST-1088,Christopher Bass,Home Office,Central,Office Supplies,Art,Marker Set,13939.91,7,0.3,938.79
ORD-00618,2022-11-18,CUST-1192,Karen Graham,Consumer,East,Office Supplies,Paper,A4 Paper Ream,951.5,2,0,180.38
ORD-01538,2022-11-18,CUST-1103,Rebecca Valencia,Home Office,South,Office Supplies,Storage,Storage Box,21364.38,11,0.15,3741.98
ORD-00007,2022-11-20,CUST-1225,Matthew Moore,Home Office,Central,Office Supplies,Fasteners,Push Pins Pack,12299.24,11,0,4079.4
ORD-00120,2022-11-20,CUST-1226,Benjamin Smith,Corporate,West,Technology,Copiers,Desktop Copier,113767.05,6,0.15,28213.92
ORD-00136,2022-11-20,CUST-1209,Dr. William Warren,Home Office,West,Technology,Accessories,USB-C Hub,22992.04,6,0.05,3434.78
ORD-00826,2022-11-20,CUST-1148,Stephanie Salazar,Home Office,North,Office Supplies,Art,Whiteboard,1321.63,10,0,297.14
ORD-01338,2022-11-21,CUST-1015,Dylan Miller,Home Office,East,Furniture,Chairs,Mesh Task Chair,62538.12,6,0.3,-6190.29
ORD-01693,2022-11-21,CUST-1273,Jonathan Lawrence,Home Office,East,Technology,Accessories,USB-C Hub,42397.49,1,0.05,11247.49
ORD-00674,2022-11-23,CUST-1012,Jamie Arnold,Home Office,Central,Technology,Machines,Scanner,232033.31,11,0,48344.91
ORD-01089,2022-11-23,CUST-1050,Eric Carney,Corporate,North,Technology,Accessories,Mechanical Keyboard,157901.88,7,0,21986.41
ORD-01636,2022-11-23,CUST-1297,Laura Haney,Consumer,North,Office Supplies,Art,Sketch Pad,235.53,1,0.1,23.99
ORD-01795,2022-11-23,CUST-1115,Garrett Lin,Home Office,Central,Technology,Accessories,Wireless Mouse,33560.83,3,0.1,6933.96
ORD-00110,2022-11-24,CUST-1016,Brian Ramirez,Corporate,South,Office Supplies,Supplies,Scissors,2235.99,3,0.2,510.62
ORD-00527,2022-11-25,CUST-1134,Daniel Kennedy,Corporate,Central,Furniture,Bookcases,Corner Bookcase,110738.58,10,0,30850.95
ORD-01847,2022-11-25,CUST-1076,Sarah Moore,Corporate,West,Furniture,Chairs,Folding Chair,105510.03,9,0,15766.15
ORD-00315,2022-11-26,CUST-1069,James Brown,Consumer,Central,Furniture,Tables,Conference Table,12734.29,3,0,3992.87
ORD-01035,2022-11-26,CUST-1074,Lauren Daniels,Consumer,Central,Technology,Phones,Smartphone X200,343501.67,11,0,91791.82
ORD-01424,2022-11-26,CUST-1179,Lawrence Adkins,Home Office,North,Furniture,Furnishings,Desk Lamp,35280.02,7,0.1,-775.93
ORD-00558,2022-11-27,CUST-1148,Stephanie Salazar,Home Office,South,Technology,Machines,Scanner,141532.9,4,0.3,-21041.79
ORD-00872,2022-11-27,CUST-1192,Karen Graham,Consumer,East,Technology,Accessories,Mechanical Keyboard,1495.69,1,0,299.81
ORD-00934,2022-11-27,CUST-1235,Michael Lyons,Consumer,East,Office Supplies,Art,Marker Set,5271.95,8,0.1,86.22
ORD-01894,2022-11-27,CUST-1020,Carla Gray,Consumer,South,Office Supplies,Envelopes,Padded Envelopes,170.6,2,0,53.37
ORD-01993,2022-11-27,CUST-1236,Kathryn Snyder,Consumer,West,Furniture,Tables,Study Table,47373.92,7,0,10467.87
ORD-00117,2022-11-28,CUST-1166,John Anderson,Home Office,South,Technology,Machines,Laser Printer,286970.96,5,0.1,50215.8
ORD-00324,2022-11-28,CUST-1052,Danny Morgan,Corporate,South,Office Supplies,Envelopes,Padded Envelopes,1107.58,9,0.2,263.95
ORD-00012,2022-11-29,CUST-1091,Matthew Mcmillan,Home Office,West,Furniture,Tables,Coffee Table,84926.87,7,0.1,-1899.68
ORD-00976,2022-11-29,CUST-1016,Brian Ramirez,Corporate,West,Furniture,Bookcases,Corner Bookcase,65022.87,11,0,18530.26
ORD-01702,2022-11-29,CUST-1126,Erin Edwards,Consumer,East,Furniture,Bookcases,Modern Bookcase,30375.45,10,0.2,-2975.86
ORD-01732,2022-11-29,CUST-1140,Angel Perry,Home Office,South,Office Supplies,Fasteners,Push Pins Pack,6279.86,4,0,1191.74
ORD-00545,2022-11-30,CUST-1199,Adam Vaughan,Corporate,West,Technology,Accessories,Wireless Mouse,130558.99,5,0.1,27517.78
ORD-00251,2022-12-01,CUST-1133,Mary Marshall,Home Office,North,Technology,Phones,Smartphone Pro Max,34463.81,1,0.05,6387.15
ORD-01079,2022-12-01,CUST-1121,Larry Dixon,Corporate,North,Technology,Machines,Label Maker,90251.57,2,0,18718.52
ORD-01350,2022-12-01,CUST-1105,Richard Henson,Home Office,West,Furniture,Tables,Study Table,87486.88,8,0.05,2223.18
ORD-01509,2022-12-01,CUST-1068,Carol Tucker,Consumer,East,Furniture,Bookcases,5-Shelf Bookcase,98461.61,8,0.1,14131.18
ORD-01809,2022-12-01,CUST-1071,Jordan Henderson,Consumer,South,Office Supplies,Fasteners,Paper Clips Box,6406.05,5,0.15,161.07
ORD-01095,2022-12-02,CUST-1192,Karen Graham,Consumer,East,Office Supplies,Storage,File Organizer,14025.83,12,0.15,885.45
ORD-01460,2022-12-02,CUST-1013,Lisa Hensley,Home Office,Central,Technology,Machines,All-in-One Printer,111716.42,4,0.2,593.07
ORD-01943,2022-12-02,CUST-1220,Bailey Duran DDS,Consumer,West,Technology,Accessories,Webcam HD,421171.32,8,0.15,-11620.49
ORD-01097,2022-12-03,CUST-1022,Patty Perez,Home Office,East,Office Supplies,Storage,Plastic Drawer Unit,2014.0,6,0,691.14
ORD-01205,2022-12-03,CUST-1014,Michele Williams,Consumer,North,Office Supplies,Binders,View Binder,2418.77,5,0,652.42
ORD-01214,2022-12-04,CUST-1142,David Douglas Jr.,Consumer,East,Furniture,Chairs,Executive Office Chair,11741.91,1,0,881.7
ORD-00309,2022-12-06,CUST-1264,Diane Evans,Home Office,South,Technology,Accessories,Mechanical Keyboard,396669.74,10,0.3,67285.75
ORD-00313,2022-12-06,CUST-1118,Ashley Waller,Consumer,North,Office Supplies,Fasteners,Stapler,4320.78,3,0,1072.99
ORD-00273,2022-12-08,CUST-1058,Richard Aguirre,Corporate,South,Office Supplies,Binders,Ring Binder Set,3216.97,2,0.3,-513.26
ORD-00870,2022-12-08,CUST-1275,Joyce Bowen,Corporate,South,Office Supplies,Paper,Printer Paper Bulk,594.41,10,0,172.81
ORD-01578,2022-12-08,CUST-1054,Mark Perez,Home Office,West,Technology,Phones,Cordless Phone,310368.9,6,0.05,16088.72
ORD-01310,2022-12-09,CUST-1179,Lawrence Adkins,Home Office,North,Furniture,Bookcases,5-Shelf Bookcase,36153.37,8,0,8446.3
ORD-00317,2022-12-10,CUST-1176,Alex Hernandez,Corporate,West,Office Supplies,Paper,A4 Paper Ream,2944.55,7,0.2,226.29
ORD-00639,2022-12-10,CUST-1086,Daniel Baker,Corporate,North,Technology,Phones,Cordless Phone,69695.93,6,0.2,14463.03
ORD-01685,2022-12-10,CUST-1126,Erin Edwards,Consumer,East,Furniture,Chairs,Mesh Task Chair,81810.53,6,0,6876.72
ORD-01431,2022-12-11,CUST-1051,Jessica Holmes,Home Office,Central,Office Supplies,Storage,Storage Box,1598.98,6,0.3,-142.44
ORD-01533,2022-12-11,CUST-1002,Noah Rhodes,Consumer,North,Furniture,Bookcases,5-Shelf Bookcase,34065.1,12,0.05,9766.4
ORD-01771,2022-12-11,CUST-1022,Patty Perez,Home Office,North,Office Supplies,Paper,Printer Paper Bulk,23502.98,12,0.05,908.95
ORD-00118,2022-12-12,CUST-1298,William Barrett,Corporate,South,Furniture,Bookcases,Modern Bookcase,12465.93,1,0.1,1479.0
ORD-00531,2022-12-12,CUST-1026,Judy Baker,Consumer,West,Office Supplies,Envelopes,Padded Envelopes,5686.63,3,0,308.41
ORD-01262,2022-12-12,CUST-1297,Laura Haney,Consumer,East,Furniture,Tables,Dining Table,39494.48,5,0.1,3165.02
ORD-00944,2022-12-13,CUST-1269,Cynthia Rowe,Corporate,West,Furniture,Furnishings,Wall Clock,10196.8,1,0.05,799.2
ORD-01901,2022-12-13,CUST-1128,Jason Powell,Home Office,South,Furniture,Bookcases,Corner Bookcase,1603.96,1,0.05,166.65
ORD-00511,2022-12-14,CUST-1011,Monica Herrera,Home Office,Central,Technology,Phones,Smartphone Pro Max,376338.04,11,0.1,-15373.15
ORD-01988,2022-12-15,CUST-1274,Shelly Alexander,Corporate,North,Office Supplies,Paper,A4 Paper Ream,456.67,3,0.1,66.0
ORD-00129,2022-12-16,CUST-1269,Cynthia Rowe,Corporate,Central,Technology,Accessories,Mechanical Keyboard,42121.1,1,0.3,-2161.72
ORD-00397,2022-12-16,CUST-1172,Darlene Miller,Corporate,Central,Office Supplies,Storage,Storage Box,2552.32,3,0.1,313.81
ORD-00902,2022-12-16,CUST-1019,Lisa Jackson,Consumer,Central,Technology,Accessories,Mechanical Keyboard,466400.12,12,0.1,-3605.88
ORD-01521,2022-12-16,CUST-1082,Mike Allen,Corporate,East,Office Supplies,Storage,Storage Box,7662.33,7,0,2243.96
ORD-01840,2022-12-16,CUST-1112,Shannon Walker,Corporate,North,Technology,Machines,Label Maker,557658.35,11,0,87687.83
ORD-01535,2022-12-17,CUST-1290,Briana Murray,Consumer,Central,Furniture,Chairs,Folding Chair,57699.16,7,0.2,3375.97
ORD-01139,2022-12-18,CUST-1140,Angel Perry,Home Office,Central,Furniture,Chairs,Folding Chair,8764.55,3,0.05,2119.2
ORD-01265,2022-12-18,CUST-1294,Margaret Coleman,Corporate,Central,Technology,Copiers,Office Copier Machine,208140.15,4,0.05,51116.96
ORD-01681,2022-12-18,CUST-1233,Christopher Parker,Corporate,South,Office Supplies,Fasteners,Paper Clips Box,6011.44,4,0.15,-759.84
ORD-00909,2022-12-19,CUST-1155,Brenda Hall,Corporate,East,Furniture,Tables,Study Table,27319.84,4,0.15,-1295.4
ORD-00426,2022-12-22,CUST-1244,Brandon Bailey MD,Consumer,South,Furniture,Furnishings,Wall Clock,19158.13,7,0,1024.59
ORD-01285,2022-12-22,CUST-1188,Samantha Garcia,Corporate,Central,Furniture,Furnishings,Wall Clock,153182.32,12,0.2,3176.08
ORD-01708,2022-12-22,CUST-1103,Rebecca Valencia,Home Office,East,Technology,Phones,Smartphone Pro Max,360403.15,7,0.05,99330.24
ORD-01420,2022-12-23,CUST-1280,Nathan Malone,Consumer,East,Technology,Accessories,USB-C Hub,99511.76,11,0,5968.45
ORD-01091,2022-12-24,CUST-1008,Gina Moore,Consumer,North,Furniture,Tables,Dining Table,105763.19,10,0.3,-30518.53
ORD-01740,2022-12-25,CUST-1216,Anthony Everett,Corporate,South,Office Supplies,Fasteners,Paper Clips Box,3876.7,5,0,940.4
ORD-01817,2022-12-25,CUST-1132,Dustin Jordan,Home Office,East,Technology,Phones,Smartphone Pro Max,240800.13,5,0.05,33273.19
ORD-01910,2022-12-25,CUST-1285,Stephanie Williams,Consumer,South,Technology,Phones,Cordless Phone,76688.13,8,0.1,-1357.92
ORD-00650,2022-12-26,CUST-1132,Dustin Jordan,Home Office,West,Technology,Machines,Scanner,182398.57,5,0,48236.95
ORD-00459,2022-12-27,CUST-1081,Kelly Donovan,Consumer,North,Technology,Phones,Smartphone X200,142738.35,4,0.05,29148.23
ORD-00520,2022-12-27,CUST-1022,Patty Perez,Home Office,West,Furniture,Chairs,Executive Office Chair,55339.18,6,0.2,4687.09
ORD-01266,2022-12-29,CUST-1279,Shannon James,Home Office,East,Technology,Phones,Cordless Phone,108574.81,4,0.3,-4440.84
ORD-01526,2022-12-29,CUST-1078,Megan Young,Corporate,North,Furniture,Chairs,Recliner Chair,57516.62,12,0.15,347.31
ORD-00318,2022-12-30,CUST-1244,Brandon Bailey MD,Consumer,Central,Office Supplies,Binders,View Binder,11930.38,9,0,3806.87
ORD-00974,2022-12-30,CUST-1290,Briana Murray,Consumer,North,Furniture,Tables,Study Table,87747.41,12,0.05,22099.7
ORD-01018,2022-12-30,CUST-1260,Mrs. Kristen Reyes,Consumer,South,Technology,Phones,Smartphone X200,429126.79,9,0.1,115749.34
ORD-01536,2022-12-30,CUST-1285,Stephanie Williams,Consumer,South,Office Supplies,Envelopes,Mailing Envelopes Pack,5996.11,4,0.15,197.93
ORD-00865,2022-12-31,CUST-1020,Carla Gray,Consumer,West,Office Supplies,Fasteners,Push Pins Pack,4973.03,7,0,1558.38
ORD-01402,2022-12-31,CUST-1238,David Davis,Corporate,North,Office Supplies,Paper,Sticky Notes Pack,319.1,3,0.15,-25.31
ORD-01025,2023-01-01,CUST-1261,Katie Suarez,Home Office,East,Office Supplies,Binders,Ring Binder Set,917.41,2,0.15,-30.87
ORD-01760,2023-01-03,CUST-1024,Tommy Walter,Consumer,South,Office Supplies,Labels,Label Roll,4357.35,10,0,466.08
ORD-00456,2023-01-04,CUST-1256,Kristen Davis,Consumer,Central,Furniture,Bookcases,Corner Bookcase,3963.86,7,0,934.19
ORD-00853,2023-01-04,CUST-1233,Christopher Parker,Corporate,North,Furniture,Chairs,Folding Chair,57999.44,5,0,5099.28
ORD-01987,2023-01-04,CUST-1026,Judy Baker,Consumer,Central,Office Supplies,Art,Marker Set,4229.87,5,0,519.14
ORD-00108,2023-01-05,CUST-1280,Nathan Malone,Consumer,East,Technology,Phones,Smartphone X200,111586.82,6,0.2,-9907.6
ORD-00541,2023-01-05,CUST-1087,Shirley Suarez,Home Office,Central,Technology,Accessories,Wireless Mouse,99719.64,9,0.05,22100.92
ORD-01019,2023-01-05,CUST-1266,Joshua Reed,Corporate,South,Furniture,Furnishings,Desk Lamp,27511.63,10,0.3,390.33
ORD-01304,2023-01-05,CUST-1229,Michael Bradshaw,Home Office,Central,Office Supplies,Supplies,Scissors,1022.81,3,0.15,-88.18
ORD-00498,2023-01-06,CUST-1182,Tina Sanders,Corporate,West,Technology,Accessories,Mechanical Keyboard,413569.67,7,0,85161.55
ORD-00585,2023-01-07,CUST-1014,Michele Williams,Consumer,North,Technology,Copiers,Desktop Copier,321676.55,6,0,21090.22
ORD-00707,2023-01-07,CUST-1097,Aaron Wise,Consumer,Central,Office Supplies,Storage,Storage Box,3961.98,2,0,704.8
ORD-00034,2023-01-08,CUST-1250,Kimberly Gutierrez,Consumer,South,Technology,Machines,Label Maker,210803.35,5,0,43212.19
ORD-00530,2023-01-08,CUST-1202,Ricky Davis II,Consumer,West,Office Supplies,Art,Marker Set,1260.72,1,0,431.47
ORD-00658,2023-01-08,CUST-1258,Kathleen Moran,Home Office,North,Technology,Accessories,Mechanical Keyboard,44835.78,4,0.1,9313.4
ORD-01049,2023-01-08,CUST-1230,Lori Guerrero,Corporate,North,Technology,Machines,Label Maker,8825.47,2,0.1,984.35
ORD-01455,2023-01-08,CUST-1058,Richard Aguirre,Corporate,South,Furniture,Furnishings,Wall Clock,11922.48,3,0,1546.45
ORD-01520,2023-01-08,CUST-1204,Joseph Coleman,Consumer,West,Office Supplies,Art,Marker Set,5506.55,10,0.3,187.97
ORD-00105,2023-01-09,CUST-1070,William Baker,Home Office,North,Office Supplies,Supplies,Scissors,8869.32,5,0.15,1576.11
ORD-00899,2023-01-09,CUST-1045,Angelica Tucker,Consumer,South,Technology,Phones,Smartphone Lite,22659.41,1,0.05,1887.31
ORD-01387,2023-01-09,CUST-1002,Noah Rhodes,Consumer,East,Technology,Machines,Scanner,160680.19,8,0,29046.72
ORD-01470,2023-01-10,CUST-1046,Philip Cannon,Consumer,West,Office Supplies,Envelopes,Padded Envelopes,8706.45,9,0.15,595.4
ORD-01944,2023-01-10,CUST-1144,Christopher Rubio,Consumer,East,Technology,Accessories,Mechanical Keyboard,176930.05,8,0.2,-10864.75
ORD-00528,2023-01-12,CUST-1228,Michael Warner,Home Office,South,Furniture,Furnishings,Desk Lamp,54234.83,11,0.05,7127.9
ORD-01425,2023-01-12,CUST-1299,Keith Jennings,Corporate,North,Office Supplies,Storage,Plastic Drawer Unit,15827.68,10,0.1,1421.07
ORD-01999,2023-01-12,CUST-1135,Rebecca Jackson,Home Office,East,Office Supplies,Storage,Plastic Drawer Unit,5697.36,8,0.3,55.76
ORD-00182,2023-01-13,CUST-1096,Anna Henderson,Consumer,West,Technology,Phones,Smartphone Lite,188107.97,8,0.05,13791.22
ORD-01363,2023-01-13,CUST-1215,Julie Alexander,Consumer,East,Office Supplies,Fasteners,Stapler,2448.63,2,0.05,739.85
ORD-01932,2023-01-13,CUST-1175,Nicole Herring,Home Office,West,Office Supplies,Fasteners,Push Pins Pack,5765.73,8,0.1,-254.92
ORD-00140,2023-01-14,CUST-1072,Whitney Peters,Corporate,West,Technology,Accessories,Wireless Mouse,134850.55,5,0.15,-5778.16
ORD-00681,2023-01-14,CUST-1208,Cathy Robinson,Consumer,North,Technology,Copiers,Desktop Copier,292294.91,9,0,80688.73
ORD-01395,2023-01-14,CUST-1039,Elizabeth Fowler,Corporate,North,Office Supplies,Storage,File Organizer,3762.26,2,0.2,-10.02
ORD-00004,2023-01-16,CUST-1036,Jeffrey Chavez,Consumer,Central,Furniture,Tables,Dining Table,28306.29,2,0,6675.03
ORD-00923,2023-01-16,CUST-1142,David Douglas Jr.,Consumer,Central,Office Supplies,Binders,View Binder,3919.34,7,0.2,-565.44
ORD-01664,2023-01-16,CUST-1227,Kirk Carter,Corporate,East,Furniture,Bookcases,Modern Bookcase,64393.97,6,0,14088.55
ORD-00112,2023-01-17,CUST-1256,Kristen Davis,Consumer,Central,Technology,Phones,Cordless Phone,65549.27,5,0.3,-5287.53
ORD-00139,2023-01-17,CUST-1008,Gina Moore,Consumer,East,Technology,Accessories,Mechanical Keyboard,538534.53,10,0.15,-53512.59
ORD-00700,2023-01-17,CUST-1206,David Martinez,Home Office,East,Furniture,Chairs,Folding Chair,26915.15,8,0.2,-2969.54
ORD-01465,2023-01-17,CUST-1295,Ryan Gonzalez,Consumer,West,Furniture,Bookcases,5-Shelf Bookcase,70994.03,12,0.05,20619.89
ORD-00706,2023-01-18,CUST-1128,Jason Powell,Home Office,East,Furniture,Bookcases,Modern Bookcase,40647.17,4,0,10582.23
ORD-01264,2023-01-18,CUST-1039,Elizabeth Fowler,Corporate,North,Furniture,Chairs,Folding Chair,82755.38,10,0.1,4837.84
ORD-00864,2023-01-19,CUST-1255,Cynthia Moore,Home Office,East,Furniture,Tables,Conference Table,116358.96,9,0,22946.84
ORD-01750,2023-01-19,CUST-1191,Debra Morton,Home Office,West,Furniture,Bookcases,5-Shelf Bookcase,16778.8,4,0.1,3141.9
ORD-00281,2023-01-20,CUST-1062,Gerald Hensley,Home Office,West,Furniture,Furnishings,Desk Lamp,64800.44,12,0,18250.63
ORD-01575,2023-01-20,CUST-1232,Susan Serrano,Home Office,North,Technology,Phones,Cordless Phone,549794.74,10,0.15,54858.2
ORD-00228,2023-01-21,CUST-1253,Tanya Kim,Corporate,Central,Technology,Accessories,Webcam HD,14187.61,1,0.3,-5322.68
ORD-01461,2023-01-21,CUST-1100,Stephen Mckee,Corporate,West,Furniture,Chairs,Recliner Chair,9862.73,1,0.15,961.98
ORD-01177,2023-01-23,CUST-1280,Nathan Malone,Consumer,East,Office Supplies,Binders,View Binder,1394.72,2,0.05,170.67
ORD-00651,2023-01-24,CUST-1003,Angie Henderson,Consumer,North,Office Supplies,Labels,Sticker Sheet,13591.03,7,0.15,598.54
ORD-00237,2023-01-25,CUST-1210,Brian Lee,Consumer,Central,Office Supplies,Fasteners,Push Pins Pack,3989.73,5,0.3,-647.02
ORD-00948,2023-01-25,CUST-1033,Tricia Valencia,Corporate,South,Office Supplies,Fasteners,Stapler,4683.66,4,0.3,-1569.08
ORD-00712,2023-01-26,CUST-1099,Jessica Smith,Corporate,West,Furniture,Chairs,Recliner Chair,55087.92,5,0,3478.43
ORD-00801,2023-01-26,CUST-1022,Patty Perez,Home Office,Central,Office Supplies,Labels,Label Roll,11124.4,7,0.15,-933.31
ORD-00900,2023-01-27,CUST-1068,Carol Tucker,Consumer,East,Furniture,Furnishings,Office Partition,15405.29,5,0.05,4035.3
ORD-01006,2023-01-29,CUST-1212,Denise Mccann,Home Office,South,Office Supplies,Envelopes,Padded Envelopes,8887.9,12,0.1,826.07
ORD-01160,2023-01-29,CUST-1088,Christopher Bass,Home Office,West,Technology,Phones,Cordless Phone,502599.35,10,0.1,-2336.51
ORD-01362,2023-01-29,CUST-1260,Mrs. Kristen Reyes,Consumer,Central,Furniture,Furnishings,Desk Lamp,51708.16,4,0.2,730.43
ORD-00296,2023-01-30,CUST-1165,Michael Powell,Corporate,Central,Furniture,Chairs,Mesh Task Chair,74083.36,9,0.05,19504.28
ORD-01058,2023-01-30,CUST-1244,Brandon Bailey MD,Consumer,South,Office Supplies,Supplies,Tape Dispenser,16305.55,12,0,2979.92
ORD-01495,2023-01-30,CUST-1147,Victoria Larson,Consumer,West,Technology,Machines,Scanner,467314.37,10,0,29381.56
ORD-00774,2023-01-31,CUST-1129,Cameron Fisher,Home Office,South,Furniture,Bookcases,Corner Bookcase,17925.8,2,0.05,5139.99
ORD-01876,2023-01-31,CUST-1138,Courtney Gonzalez,Consumer,South,Office Supplies,Binders,View Binder,15057.01,10,0.3,-2598.24
ORD-00800,2023-02-01,CUST-1194,Angelica Keith,Corporate,North,Technology,Copiers,Desktop Copier,105630.25,5,0.2,18837.1
ORD-01687,2023-02-01,CUST-1126,Erin Edwards,Consumer,South,Furniture,Bookcases,5-Shelf Bookcase,96792.35,7,0,14910.46
ORD-01704,2023-02-02,CUST-1095,John Whitehead,Home Office,North,Technology,Machines,Laser Printer,36987.04,1,0,8228.74
ORD-00020,2023-02-03,CUST-1197,Daniel Salinas,Consumer,West,Technology,Accessories,Mechanical Keyboard,589509.71,11,0,167141.4
ORD-00675,2023-02-04,CUST-1281,Amanda Jones,Home Office,West,Furniture,Tables,Coffee Table,130549.04,10,0.1,15782.11
ORD-00860,2023-02-04,CUST-1004,Daniel Wagner,Home Office,West,Furniture,Bookcases,5-Shelf Bookcase,70780.93,5,0,21185.54
ORD-00830,2023-02-06,CUST-1274,Shelly Alexander,Corporate,Central,Technology,Phones,Smartphone Pro Max,22820.5,1,0.2,2093.71
ORD-01869,2023-02-06,CUST-1007,Abigail Shaffer,Consumer,West,Furniture,Chairs,Mesh Task Chair,5145.33,4,0.15,845.56
ORD-00307,2023-02-07,CUST-1135,Rebecca Jackson,Home Office,North,Office Supplies,Paper,A4 Paper Ream,10496.01,9,0.05,2826.69
ORD-01169,2023-02-07,CUST-1223,Elizabeth Oliver DDS,Home Office,North,Technology,Machines,Scanner,1369.52,1,0,263.43
ORD-00087,2023-02-09,CUST-1089,Lisa Archer,Home Office,Central,Furniture,Chairs,Mesh Task Chair,84311.67,11,0.3,-13513.0
ORD-00417,2023-02-10,CUST-1274,Shelly Alexander,Corporate,North,Technology,Accessories,Wireless Mouse,329980.5,12,0.3,-80208.6
ORD-00612,2023-02-10,CUST-1146,Joyce Solis,Home Office,South,Furniture,Bookcases,Modern Bookcase,16282.06,3,0,1674.17
ORD-01022,2023-02-10,CUST-1150,Stephanie Manning,Home Office,West,Technology,Copiers,Office Copier Machine,59253.99,2,0.3,-525.6
ORD-01044,2023-02-10,CUST-1078,Megan Young,Corporate,West,Technology,Copiers,Desktop Copier,670749.27,12,0,169603.53
ORD-01697,2023-02-11,CUST-1107,Sharon Cherry,Consumer,South,Furniture,Furnishings,Wall Clock,11381.08,2,0.15,384.06
ORD-00342,2023-02-12,CUST-1296,John Young,Corporate,Central,Office Supplies,Storage,File Organizer,9323.96,6,0.3,490.15
ORD-00029,2023-02-13,CUST-1011,Monica Herrera,Home Office,Central,Furniture,Tables,Study Table,81657.23,8,0.1,17416.71
ORD-00901,2023-02-13,CUST-1091,Matthew Mcmillan,Home Office,East,Technology,Copiers,Office Copier Machine,69696.32,2,0.3,-3990.95
ORD-01199,2023-02-13,CUST-1206,David Martinez,Home Office,Central,Office Supplies,Labels,Label Roll,3534.09,7,0,1086.16
ORD-01616,2023-02-13,CUST-1252,Olivia Harris,Consumer,South,Furniture,Bookcases,Corner Bookcase,13240.41,1,0,734.21
ORD-00968,2023-02-15,CUST-1295,Ryan Gonzalez,Consumer,East,Office Supplies,Storage,Storage Box,215.77,3,0,61.24
ORD-01566,2023-02-16,CUST-1123,April Frost,Corporate,Central,Office Supplies,Storage,File Organizer,1781.46,1,0,277.53
ORD-01705,2023-02-16,CUST-1276,Matthew Moore,Corporate,Central,Furniture,Tables,Study Table,63135.66,5,0.05,8801.55
ORD-00229,2023-02-17,CUST-1067,Tracy House,Home Office,East,Office Supplies,Storage,File Organizer,1836.1,1,0,558.07
ORD-01486,2023-02-17,CUST-1198,Spencer Haynes,Corporate,East,Technology,Phones,Cordless Phone,147482.11,6,0.05,24216.0
ORD-00387,2023-02-19,CUST-1071,Jordan Henderson,Consumer,East,Office Supplies,Storage,File Organizer,998.8,3,0,216.94
ORD-00887,2023-02-19,CUST-1040,Brittany Farmer,Corporate,Central,Furniture,Chairs,Mesh Task Chair,15428.58,5,0.2,-1625.37
ORD-01450,2023-02-19,CUST-1018,Derek Zuniga,Consumer,South,Furniture,Chairs,Recliner Chair,89875.82,11,0.1,5774.34
ORD-01833,2023-02-19,CUST-1269,Cynthia Rowe,Corporate,North,Office Supplies,Binders,Clip Binder,8621.16,12,0,1259.74
ORD-00588,2023-02-21,CUST-1073,Brittney Phillips,Consumer,East,Office Supplies,Storage,Storage Box,10072.81,9,0,506.67
ORD-01565,2023-02-21,CUST-1019,Lisa Jackson,Consumer,East,Furniture,Furnishings,Office Partition,8452.21,9,0.2,-1543.03
ORD-00130,2023-02-22,CUST-1211,Christopher Smith,Consumer,Central,Office Supplies,Supplies,Tape Dispenser,5166.44,12,0.15,1047.14
ORD-01194,2023-02-22,CUST-1212,Denise Mccann,Home Office,North,Technology,Accessories,USB-C Hub,231062.49,5,0,52207.49
ORD-01381,2023-02-22,CUST-1286,Elaine Brooks,Corporate,South,Office Supplies,Supplies,Scissors,2019.08,9,0,697.79
ORD-01497,2023-02-22,CUST-1237,Andrew Reynolds,Consumer,East,Technology,Machines,Scanner,81766.78,4,0.3,1842.99
ORD-00156,2023-02-23,CUST-1204,Joseph Coleman,Consumer,South,Office Supplies,Labels,Sticker Sheet,4414.73,7,0.15,239.51
ORD-00647,2023-02-23,CUST-1065,Jessica Callahan,Home Office,North,Furniture,Tables,Study Table,14700.47,9,0.05,1317.98
ORD-01201,2023-02-24,CUST-1240,Yvonne Chambers,Home Office,West,Office Supplies,Paper,A4 Paper Ream,15867.43,11,0.05,3736.52
ORD-00569,2023-02-25,CUST-1279,Shannon James,Home Office,Central,Office Supplies,Supplies,Tape Dispenser,4925.53,6,0.05,1404.16
ORD-01489,2023-02-27,CUST-1219,Justin Torres,Corporate,East,Furniture,Chairs,Recliner Chair,47047.23,10,0.15,4997.13
ORD-01576,2023-02-27,CUST-1218,Mark Brown,Home Office,West,Furniture,Furnishings,Office Partition,3407.01,2,0.05,566.8
ORD-00180,2023-02-28,CUST-1267,Kimberly Gibson,Consumer,West,Technology,Copiers,Desktop Copier,218488.78,8,0,64029.4
ORD-00191,2023-02-28,CUST-1106,Marc Moore,Corporate,North,Office Supplies,Labels,Sticker Sheet,14140.26,10,0.1,1082.87
ORD-01026,2023-02-28,CUST-1293,Jeremy Reed,Home Office,Central,Furniture,Chairs,Folding Chair,54218.6,4,0.05,9602.98
ORD-00468,2023-03-01,CUST-1042,Fred Smith,Consumer,Central,Technology,Phones,Cordless Phone,22125.77,1,0.15,-272.06
ORD-00400,2023-03-02,CUST-1026,Judy Baker,Consumer,South,Furniture,Chairs,Recliner Chair,2607.93,1,0.1,236.18
ORD-00957,2023-03-04,CUST-1132,Dustin Jordan,Home Office,East,Technology,Phones,Cordless Phone,138203.82,7,0.05,32251.88
ORD-01229,2023-03-04,CUST-1182,Tina Sanders,Corporate,South,Office Supplies,Fasteners,Push Pins Pack,8774.0,6,0,2560.12
ORD-01453,2023-03-04,CUST-1144,Christopher Rubio,Consumer,South,Furniture,Tables,Coffee Table,29320.58,5,0.15,3285.69
ORD-01206,2023-03-05,CUST-1102,Cameron Parker,Home Office,South,Technology,Copiers,Desktop Copier,409564.97,11,0.05,39794.67
ORD-01896,2023-03-06,CUST-1164,Jeffrey Johnson,Home Office,South,Furniture,Furnishings,Desk Lamp,89181.63,12,0,9954.69
ORD-00954,2023-03-07,CUST-1293,Jeremy Reed,Home Office,South,Technology,Accessories,Mechanical Keyboard,358300.11,7,0,52922.5
ORD-00338,2023-03-08,CUST-1215,Julie Alexander,Consumer,East,Technology,Copiers,Office Copier Machine,65032.07,8,0.05,15166.55
ORD-00858,2023-03-08,CUST-1221,Courtney Mills,Home Office,Central,Technology,Machines,Laser Printer,44265.0,6,0.3,-3705.26
ORD-00042,2023-03-09,CUST-1136,Jose Schultz,Corporate,North,Furniture,Tables,Study Table,14295.97,9,0.3,-1173.2
ORD-01858,2023-03-09,CUST-1126,Erin Edwards,Consumer,East,Furniture,Furnishings,Wall Clock,95658.51,7,0.2,16458.82
ORD-00738,2023-03-10,CUST-1206,David Martinez,Home Office,Central,Furniture,Tables,Dining Table,37278.97,3,0,10996.09
ORD-00406,2023-03-11,CUST-1006,Connie Lawrence,Consumer,South,Office Supplies,Fasteners,Paper Clips Box,1322.74,2,0,111.31
ORD-01319,2023-03-11,CUST-1014,Michele Williams,Consumer,East,Furniture,Tables,Conference Table,44569.35,3,0.15,3894.42
ORD-01568,2023-03-12,CUST-1168,Alyssa Day,Consumer,South,Technology,Phones,Smartphone X200,60395.24,9,0.3,-7692.39
ORD-01405,2023-03-13,CUST-1212,Denise Mccann,Home Office,East,Furniture,Bookcases,Corner Bookcase,92854.97,8,0,31869.8
ORD-00018,2023-03-14,CUST-1262,Desiree Tyler,Consumer,West,Office Supplies,Storage,Plastic Drawer Unit,2492.27,2,0,736.53
ORD-00640,2023-03-14,CUST-1055,Shannon Jones,Corporate,East,Technology,Accessories,Wireless Mouse,7107.02,7,0.05,28.79
ORD-00752,2023-03-14,CUST-1164,Jeffrey Johnson,Home Office,Central,Furniture,Furnishings,Desk Lamp,71691.64,6,0.05,17046.4
ORD-01314,2023-03-15,CUST-1019,Lisa Jackson,Consumer,East,Office Supplies,Art,Sketch Pad,9292.27,7,0.3,-969.7
ORD-00962,2023-03-16,CUST-1095,John Whitehead,Home Office,East,Technology,Accessories,Webcam HD,244540.96,6,0.1,21474.84
ORD-00075,2023-03-17,CUST-1221,Courtney Mills,Home Office,West,Furniture,Furnishings,Wall Clock,50252.7,8,0.15,5949.28
ORD-00101,2023-03-18,CUST-1077,Angela Lopez,Corporate,Central,Office Supplies,Envelopes,Mailing Envelopes Pack,2460.55,5,0.3,-817.31
ORD-00744,2023-03-18,CUST-1073,Brittney Phillips,Consumer,South,Office Supplies,Labels,Sticker Sheet,5144.36,3,0.2,-928.81
ORD-01092,2023-03-18,CUST-1034,Nathan Maldonado,Home Office,West,Office Supplies,Envelopes,Mailing Envelopes Pack,836.6,1,0,186.59
ORD-01505,2023-03-18,CUST-1105,Richard Henson,Home Office,North,Furniture,Chairs,Mesh Task Chair,16711.06,4,0,4196.12
ORD-01418,2023-03-19,CUST-1156,Michelle Brown,Home Office,North,Furniture,Chairs,Executive Office Chair,27745.21,5,0.2,-4401.3
ORD-01676,2023-03-19,CUST-1042,Fred Smith,Consumer,West,Furniture,Furnishings,Desk Lamp,62616.83,6,0.05,4191.58
ORD-01204,2023-03-20,CUST-1211,Christopher Smith,Consumer,East,Furniture,Chairs,Mesh Task Chair,45262.14,10,0.15,5320.8
ORD-01861,2023-03-20,CUST-1281,Amanda Jones,Home Office,East,Furniture,Tables,Coffee Table,8528.49,6,0.1,1205.16
ORD-01875,2023-03-20,CUST-1156,Michelle Brown,Home Office,South,Office Supplies,Envelopes,Padded Envelopes,149.27,5,0.1,19.72
ORD-01973,2023-03-20,CUST-1027,Justin Baker,Home Office,East,Office Supplies,Supplies,Tape Dispenser,16715.98,11,0.2,1585.2
ORD-00150,2023-03-21,CUST-1029,Zachary Hicks,Home Office,South,Office Supplies,Fasteners,Stapler,18595.51,12,0.15,-1587.45
ORD-00155,2023-03-21,CUST-1246,Donna Landry,Consumer,South,Technology,Machines,Laser Printer,230944.12,4,0.3,-7934.2
ORD-00285,2023-03-22,CUST-1103,Rebecca Valencia,Home Office,South,Office Supplies,Fasteners,Push Pins Pack,8559.51,6,0,1721.9
ORD-00930,2023-03-22,CUST-1215,Julie Alexander,Consumer,Central,Technology,Machines,Label Maker,584320.49,11,0.15,26770.73
ORD-01753,2023-03-22,CUST-1154,Devon Flores,Home Office,North,Furniture,Tables,Dining Table,16250.6,6,0,974.25
ORD-00466,2023-03-23,CUST-1068,Carol Tucker,Consumer,East,Technology,Accessories,Wireless Mouse,18498.75,1,0,6343.71
ORD-00842,2023-03-23,CUST-1210,Brian Lee,Consumer,North,Office Supplies,Paper,Sticky Notes Pack,8920.7,10,0.1,1803.57
ORD-01846,2023-03-23,CUST-1069,James Brown,Consumer,Central,Technology,Copiers,Desktop Copier,101890.11,8,0.3,-20593.02
ORD-00143,2023-03-24,CUST-1127,Michelle Evans,Consumer,Central,Furniture,Furnishings,Office Partition,68950.57,12,0.05,13053.58
ORD-01240,2023-03-24,CUST-1131,Elizabeth Kelley,Corporate,East,Technology,Phones,Smartphone Pro Max,237092.0,9,0.3,-33446.38
ORD-01005,2023-03-25,CUST-1126,Erin Edwards,Consumer,South,Technology,Accessories,Mechanical Keyboard,57886.05,1,0.3,1564.17
ORD-01303,2023-03-25,CUST-1083,Michael Evans,Corporate,West,Technology,Accessories,Wireless Mouse,519663.6,10,0.3,-69710.32
ORD-01713,2023-03-25,CUST-1228,Michael Warner,Home Office,East,Technology,Machines,Laser Printer,130715.95,8,0.15,18129.22
ORD-00732,2023-03-26,CUST-1045,Angelica Tucker,Consumer,South,Technology,Phones,Smartphone Lite,28593.4,1,0,1940.73
ORD-01856,2023-03-27,CUST-1138,Courtney Gonzalez,Consumer,Central,Office Supplies,Binders,Ring Binder Set,4465.52,4,0.2,-120.45
ORD-00188,2023-03-28,CUST-1150,Stephanie Manning,Home Office,North,Technology,Accessories,USB-C Hub,102208.0,3,0.3,3163.8
ORD-00452,2023-03-28,CUST-1033,Tricia Valencia,Corporate,South,Technology,Machines,Scanner,246840.46,6,0.15,26402.77
ORD-00280,2023-03-31,CUST-1002,Noah Rhodes,Consumer,East,Technology,Machines,Label Maker,646122.77,12,0.2,-90510.11
ORD-00671,2023-03-31,CUST-1055,Shannon Jones,Corporate,West,Furniture,Furnishings,Wall Clock,37002.44,3,0.3,-5209.58
ORD-01467,2023-03-31,CUST-1182,Tina Sanders,Corporate,South,Furniture,Tables,Dining Table,12341.42,7,0.2,-398.62
ORD-00862,2023-04-01,CUST-1039,Elizabeth Fowler,Corporate,East,Furniture,Bookcases,Corner Bookcase,77152.38,8,0.15,18279.58
ORD-01281,2023-04-01,CUST-1176,Alex Hernandez,Corporate,Central,Office Supplies,Labels,Label Roll,921.19,4,0.2,51.25
ORD-00610,2023-04-02,CUST-1118,Ashley Waller,Consumer,West,Office Supplies,Art,Marker Set,5411.2,8,0.2,-136.65
ORD-01488,2023-04-02,CUST-1165,Michael Powell,Corporate,South,Furniture,Bookcases,Modern Bookcase,87405.84,8,0,18242.02
ORD-00275,2023-04-04,CUST-1174,Matthew Harrington,Home Office,Central,Office Supplies,Paper,Sticky Notes Pack,14675.62,11,0.2,-2505.0
ORD-01195,2023-04-05,CUST-1231,Jessica Stephens,Corporate,South,Office Supplies,Fasteners,Paper Clips Box,6212.47,7,0,342.58
ORD-01884,2023-04-05,CUST-1257,Susan Murray MD,Corporate,North,Furniture,Furnishings,Office Partition,36879.11,11,0,7343.77
ORD-01389,2023-04-06,CUST-1145,Amber Wright,Consumer,North,Technology,Machines,Laser Printer,387568.8,7,0.3,-105405.29
ORD-00235,2023-04-07,CUST-1084,Paul Jones,Consumer,West,Furniture,Chairs,Recliner Chair,5121.4,1,0,1620.31
ORD-00931,2023-04-07,CUST-1207,Bryan Herrera,Corporate,West,Technology,Machines,Scanner,32712.93,3,0.15,3449.64
ORD-01783,2023-04-07,CUST-1264,Diane Evans,Home Office,North,Furniture,Chairs,Executive Office Chair,101356.18,12,0.05,6899.28
ORD-00041,2023-04-08,CUST-1268,Colin Terry,Corporate,West,Technology,Copiers,Office Copier Machine,185312.01,10,0,61945.55
ORD-00065,2023-04-08,CUST-1204,Joseph Coleman,Consumer,Central,Technology,Phones,Smartphone Pro Max,7678.25,1,0.1,715.05
ORD-00500,2023-04-08,CUST-1284,Shelia Wallace,Consumer,West,Technology,Copiers,Desktop Copier,96410.91,2,0.15,-11667.58
ORD-00886,2023-04-08,CUST-1177,Michael Elliott,Home Office,North,Furniture,Bookcases,Corner Bookcase,62823.54,7,0.2,7417.57
ORD-01100,2023-04-08,CUST-1233,Christopher Parker,Corporate,South,Office Supplies,Art,Whiteboard,1603.87,1,0.3,-125.67
ORD-00988,2023-04-09,CUST-1078,Megan Young,Corporate,Central,Office Supplies,Envelopes,Mailing Envelopes Pack,4068.64,5,0.2,105.32
ORD-01492,2023-04-09,CUST-1295,Ryan Gonzalez,Consumer,East,Technology,Machines,Laser Printer,452297.34,9,0,42439.62
ORD-01686,2023-04-09,CUST-1173,Joshua Cooke,Consumer,East,Technology,Phones,Smartphone Lite,341919.31,7,0.1,64187.71
ORD-01891,2023-04-09,CUST-1119,Victor Baker,Home Office,East,Technology,Accessories,Webcam HD,319849.88,11,0.1,47978.97
ORD-01015,2023-04-10,CUST-1180,Robert Oconnell,Consumer,North,Technology,Copiers,Desktop Copier,475148.57,9,0,121074.04
ORD-00241,2023-04-11,CUST-1284,Shelia Wallace,Consumer,North,Technology,Copiers,Office Copier Machine,287328.58,10,0,57646.86
ORD-00349,2023-04-11,CUST-1046,Philip Cannon,Consumer,West,Technology,Machines,Scanner,4650.91,5,0,712.36
ORD-00386,2023-04-11,CUST-1214,Katherine Salas,Home Office,South,Office Supplies,Storage,File Organizer,5468.11,5,0.05,1048.18
ORD-01001,2023-04-12,CUST-1163,Lindsey Walker,Home Office,East,Furniture,Chairs,Folding Chair,57096.58,6,0.05,3941.62
ORD-01722,2023-04-12,CUST-1127,Michelle Evans,Consumer,West,Technology,Copiers,Desktop Copier,116551.62,4,0.05,1334.33
ORD-01071,2023-04-14,CUST-1122,Kenneth Scott,Home Office,South,Technology,Copiers,Desktop Copier,36037.71,6,0.15,-2675.76
ORD-01318,2023-04-14,CUST-1233,Christopher Parker,Corporate,North,Furniture,Bookcases,5-Shelf Bookcase,98419.64,7,0.2,-14046.5
ORD-00165,2023-04-16,CUST-1109,Evelyn Galvan,Consumer,Central,Technology,Machines,Laser Printer,34076.54,2,0,3537.36
ORD-00460,2023-04-17,CUST-1057,Timothy Duncan,Consumer,East,Furniture,Chairs,Mesh Task Chair,77791.61,12,0,14881.31
ORD-01787,2023-04-17,CUST-1047,John Pierce,Corporate,West,Technology,Phones,Cordless Phone,222149.13,7,0.15,-5479.18
ORD-01429,2023-04-18,CUST-1124,Michelle Harmon,Consumer,West,Office Supplies,Storage,Storage Box,12610.9,12,0,1598.44
ORD-01440,2023-04-18,CUST-1226,Benjamin Smith,Corporate,West,Technology,Machines,Scanner,323749.64,10,0,82600.22
ORD-01613,2023-04-18,CUST-1225,Matthew Moore,Home Office,Central,Furniture,Chairs,Executive Office Chair,37822.81,8,0.2,1140.82
ORD-01688,2023-04-18,CUST-1063,Connor West,Home Office,South,Technology,Machines,Laser Printer,11204.02,3,0.2,-1467.68
ORD-00367,2023-04-19,CUST-1273,Jonathan Lawrence,Home Office,West,Furniture,Tables,Study Table,95672.13,10,0.2,1968.53
ORD-01235,2023-04-19,CUST-1204,Joseph Coleman,Consumer,Central,Technology,Machines,Laser Printer,598168.94,10,0,198879.23
ORD-01481,2023-04-19,CUST-1041,Paula Moreno,Corporate,Central,Furniture,Tables,Dining Table,67609.85,11,0.15,2640.88
ORD-01838,2023-04-19,CUST-1115,Garrett Lin,Home Office,East,Office Supplies,Envelopes,Padded Envelopes,5003.69,10,0.15,-427.08
ORD-00405,2023-04-22,CUST-1149,Kathy Rivas,Corporate,South,Furniture,Chairs,Executive Office Chair,76553.45,8,0.2,570.62
ORD-00643,2023-04-22,CUST-1258,Kathleen Moran,Home Office,Central,Office Supplies,Binders,Ring Binder Set,631.52,1,0.2,33.61
ORD-00379,2023-04-24,CUST-1103,Rebecca Valencia,Home Office,East,Furniture,Chairs,Executive Office Chair,15489.61,12,0.1,-1010.84
ORD-01414,2023-04-24,CUST-1162,Jennifer Adkins,Consumer,East,Office Supplies,Paper,Printer Paper Bulk,4021.16,3,0,729.12
ORD-01640,2023-04-24,CUST-1158,Jason Stein,Home Office,South,Technology,Machines,All-in-One Printer,373847.84,12,0.2,-32735.01
ORD-01660,2023-04-25,CUST-1191,Debra Morton,Home Office,Central,Technology,Phones,Cordless Phone,136619.51,6,0,38079.71
ORD-00304,2023-04-26,CUST-1052,Danny Morgan,Corporate,East,Office Supplies,Paper,A4 Paper Ream,7953.94,6,0,1747.21
ORD-00845,2023-04-26,CUST-1180,Robert Oconnell,Consumer,North,Furniture,Furnishings,Desk Lamp,14607.25,9,0.2,-1663.43
ORD-01007,2023-04-26,CUST-1164,Jeffrey Johnson,Home Office,Central,Technology,Phones,Smartphone Lite,355076.82,6,0,28046.25
ORD-00912,2023-04-27,CUST-1189,Madison Poole,Consumer,East,Technology,Phones,Smartphone Pro Max,17086.74,2,0.05,1895.58
ORD-01157,2023-04-27,CUST-1147,Victoria Larson,Consumer,South,Office Supplies,Storage,File Organizer,5128.0,3,0,382.69
ORD-01385,2023-04-27,CUST-1284,Shelia Wallace,Consumer,East,Technology,Accessories,Wireless Mouse,31276.71,10,0.2,989.11
ORD-00339,2023-04-28,CUST-1285,Stephanie Williams,Consumer,West,Technology,Accessories,Mechanical Keyboard,580780.81,12,0.3,-190286.8
ORD-00217,2023-04-30,CUST-1150,Stephanie Manning,Home Office,East,Technology,Copiers,Office Copier Machine,85479.54,6,0,24274.57
ORD-00586,2023-04-30,CUST-1253,Tanya Kim,Corporate,Central,Office Supplies,Envelopes,Mailing Envelopes Pack,4130.06,5,0.3,-1162.16
ORD-00705,2023-04-30,CUST-1027,Justin Baker,Home Office,East,Technology,Phones,Smartphone Pro Max,234479.81,8,0.05,40757.64
ORD-01308,2023-04-30,CUST-1274,Shelly Alexander,Corporate,West,Furniture,Chairs,Mesh Task Chair,4532.89,1,0,1334.49
ORD-01550,2023-05-01,CUST-1243,Kevin Walters,Home Office,East,Office Supplies,Paper,Printer Paper Bulk,293.08,6,0.3,-40.47
ORD-01560,2023-05-01,CUST-1074,Lauren Daniels,Consumer,West,Technology,Accessories,Webcam HD,164354.98,5,0.15,5727.88
ORD-00289,2023-05-02,CUST-1262,Desiree Tyler,Consumer,East,Office Supplies,Binders,Clip Binder,9636.16,7,0,519.29
ORD-01242,2023-05-02,CUST-1245,Shannon Rivera,Consumer,Central,Office Supplies,Storage,File Organizer,1236.73,1,0,81.65
ORD-00840,2023-05-03,CUST-1068,Carol Tucker,Consumer,North,Technology,Machines,Laser Printer,71842.99,4,0,16858.98
ORD-00207,2023-05-04,CUST-1030,Anthony Rodriguez,Home Office,South,Furniture,Furnishings,Desk Lamp,75026.43,8,0,6439.74
ORD-01164,2023-05-05,CUST-1247,Krista Gibson,Home Office,West,Technology,Phones,Cordless Phone,342620.74,12,0,57299.3
ORD-01167,2023-05-07,CUST-1263,Timothy Romero,Home Office,Central,Technology,Machines,All-in-One Printer,31144.92,12,0.15,2129.64
ORD-01981,2023-05-07,CUST-1080,Lisa Barnes,Corporate,North,Furniture,Chairs,Folding Chair,30135.38,12,0,8546.52
ORD-00104,2023-05-09,CUST-1054,Mark Perez,Home Office,Central,Office Supplies,Labels,Label Roll,1292.74,1,0.3,65.52
ORD-01200,2023-05-09,CUST-1273,Jonathan Lawrence,Home Office,East,Technology,Accessories,Webcam HD,43678.94,9,0,5214.89
ORD-00035,2023-05-10,CUST-1209,Dr. William Warren,Home Office,West,Office Supplies,Art,Whiteboard,12720.06,8,0,1758.81
ORD-00439,2023-05-11,CUST-1100,Stephen Mckee,Corporate,Central,Technology,Accessories,USB-C Hub,7254.24,9,0.2,-300.85
ORD-01584,2023-05-11,CUST-1031,Rebecca Henderson,Corporate,North,Office Supplies,Labels,Sticker Sheet,4185.72,7,0.05,142.6
ORD-01995,2023-05-11,CUST-1163,Lindsey Walker,Home Office,Central,Office Supplies,Paper,A4 Paper Ream,5642.46,6,0.2,-416.63
ORD-01877,2023-05-12,CUST-1142,David Douglas Jr.,Consumer,Central,Office Supplies,Labels,Label Roll,8214.36,10,0,1235.3
ORD-00031,2023-05-13,CUST-1053,Crystal Robinson,Consumer,East,Office Supplies,Paper,Printer Paper Bulk,753.73,1,0.15,-63.47
ORD-01193,2023-05-13,CUST-1251,Isaiah Avila,Consumer,West,Technology,Copiers,Desktop Copier,139879.38,5,0,38396.51
ORD-00036,2023-05-14,CUST-1157,Joshua Perry,Corporate,Central,Technology,Copiers,Office Copier Machine,232107.34,7,0.3,-21852.02
ORD-01866,2023-05-14,CUST-1044,Anthony Humphrey,Corporate,East,Furniture,Chairs,Recliner Chair,28211.24,2,0.2,-550.91
ORD-01977,2023-05-14,CUST-1216,Anthony Everett,Corporate,North,Furniture,Bookcases,Corner Bookcase,99085.64,11,0,27106.51
ORD-00696,2023-05-16,CUST-1271,Jasmin Alvarado,Consumer,Central,Furniture,Furnishings,Desk Lamp,153864.57,11,0,11160.83
ORD-01302,2023-05-16,CUST-1296,John Young,Corporate,Central,Furniture,Bookcases,Modern Bookcase,21841.42,5,0.3,-3136.81
ORD-00735,2023-05-17,CUST-1040,Brittany Farmer,Corporate,North,Office Supplies,Envelopes,Mailing Envelopes Pack,3193.05,3,0.1,219.68
ORD-00749,2023-05-17,CUST-1288,Carolyn Miller,Corporate,North,Furniture,Chairs,Recliner Chair,19557.89,7,0.2,1533.68
ORD-00936,2023-05-17,CUST-1237,Andrew Reynolds,Consumer,North,Furniture,Chairs,Folding Chair,134417.26,9,0.2,8145.83
ORD-01827,2023-05-17,CUST-1113,Julia Torres,Consumer,South,Technology,Phones,Cordless Phone,516851.53,12,0,97051.27
ORD-01940,2023-05-17,CUST-1233,Christopher Parker,Corporate,East,Furniture,Tables,Study Table,127328.71,12,0.15,7751.27
ORD-00214,2023-05-18,CUST-1078,Megan Young,Corporate,North,Technology,Phones,Smartphone Lite,453803.11,9,0.15,-55889.01
ORD-00768,2023-05-18,CUST-1194,Angelica Keith,Corporate,East,Office Supplies,Binders,Clip Binder,2568.01,2,0,213.86
ORD-01153,2023-05-18,CUST-1116,Diana May,Home Office,North,Technology,Copiers,Office Copier Machine,109463.8,6,0.2,-16742.77
ORD-00224,2023-05-19,CUST-1152,Pamela Boyd,Corporate,West,Technology,Copiers,Desktop Copier,16985.98,2,0.05,2957.56
ORD-00731,2023-05-19,CUST-1197,Daniel Salinas,Consumer,West,Office Supplies,Supplies,Tape Dispenser,4280.64,9,0,960.1
ORD-00132,2023-05-20,CUST-1143,Patricia Rodriguez,Consumer,Central,Technology,Accessories,USB-C Hub,207536.61,5,0.3,-57169.94
ORD-00169,2023-05-20,CUST-1038,Cassandra Gaines,Home Office,North,Technology,Accessories,Webcam HD,114123.96,12,0.15,705.97
ORD-01129,2023-05-20,CUST-1209,Dr. William Warren,Home Office,South,Furniture,Furnishings,Office Partition,40297.01,3,0,4901.37
ORD-01895,2023-05-20,CUST-1150,Stephanie Manning,Home Office,South,Furniture,Tables,Coffee Table,121339.09,9,0.1,20240.0
ORD-00392,2023-05-21,CUST-1219,Justin Torres,Corporate,West,Furniture,Furnishings,Office Partition,37291.11,6,0,7689.23
ORD-00356,2023-05-22,CUST-1018,Derek Zuniga,Consumer,South,Technology,Phones,Smartphone Lite,461475.76,8,0,110177.0
ORD-00867,2023-05-22,CUST-1218,Mark Brown,Home Office,North,Furniture,Furnishings,Wall Clock,23609.04,11,0.3,-2530.1
ORD-01849,2023-05-22,CUST-1299,Keith Jennings,Corporate,West,Technology,Phones,Smartphone Pro Max,190976.55,4,0.1,8387.18
ORD-01966,2023-05-22,CUST-1297,Laura Haney,Consumer,Central,Office Supplies,Storage,File Organizer,619.93,3,0.3,-7.72
ORD-01758,2023-05-23,CUST-1158,Jason Stein,Home Office,West,Technology,Phones,Smartphone Lite,27784.76,6,0.15,5990.01
ORD-00202,2023-05-24,CUST-1284,Shelia Wallace,Consumer,Central,Office Supplies,Fasteners,Push Pins Pack,617.27,1,0.05,144.8
ORD-00646,2023-05-24,CUST-1114,Crystal Johnson,Consumer,Central,Technology,Machines,All-in-One Printer,33261.02,8,0.05,-298.3
ORD-00648,2023-05-25,CUST-1156,Michelle Brown,Home Office,East,Office Supplies,Supplies,Tape Dispenser,713.73,4,0.15,49.47
ORD-01013,2023-05-25,CUST-1092,Brian Rodriguez,Home Office,South,Furniture,Furnishings,Office Partition,10621.91,2,0.2,1223.81
ORD-01346,2023-05-25,CUST-1136,Jose Schultz,Corporate,Central,Technology,Phones,Cordless Phone,74846.86,8,0,16335.32
ORD-01617,2023-05-25,CUST-1150,Stephanie Manning,Home Office,West,Technology,Accessories,Wireless Mouse,311146.31,10,0,26881.62
ORD-00621,2023-05-28,CUST-1155,Brenda Hall,Corporate,East,Furniture,Tables,Coffee Table,11666.1,1,0.2,809.3
ORD-01136,2023-05-28,CUST-1041,Paula Moreno,Corporate,Central,Technology,Copiers,Desktop Copier,131614.29,5,0,15626.12
ORD-00841,2023-05-29,CUST-1007,Abigail Shaffer,Consumer,North,Technology,Machines,Label Maker,3992.46,3,0,1356.5
ORD-01923,2023-05-29,CUST-1090,Aimee Montoya,Consumer,South,Technology,Phones,Smartphone X200,213267.26,5,0.15,-13594.11
ORD-01324,2023-05-30,CUST-1237,Andrew Reynolds,Consumer,West,Furniture,Chairs,Executive Office Chair,12251.5,9,0,754.93
ORD-00173,2023-05-31,CUST-1127,Michelle Evans,Consumer,West,Office Supplies,Art,Sketch Pad,1606.94,2,0.2,201.37
ORD-00298,2023-05-31,CUST-1286,Elaine Brooks,Corporate,North,Office Supplies,Art,Sketch Pad,6141.73,7,0,1024.75
ORD-01061,2023-05-31,CUST-1145,Amber Wright,Consumer,South,Furniture,Chairs,Executive Office Chair,43929.9,8,0.2,-7859.12
ORD-01225,2023-05-31,CUST-1043,Sherry Decker,Consumer,West,Furniture,Furnishings,Wall Clock,67686.0,11,0.1,17303.93
ORD-01515,2023-05-31,CUST-1182,Tina Sanders,Corporate,South,Office Supplies,Labels,Label Roll,14500.21,8,0.2,1806.39
ORD-00713,2023-06-02,CUST-1287,Joseph Knight,Home Office,East,Technology,Copiers,Desktop Copier,177201.84,7,0,17734.46
ORD-01051,2023-06-02,CUST-1099,Jessica Smith,Corporate,Central,Technology,Phones,Smartphone Pro Max,20430.37,6,0.1,-422.53
ORD-00894,2023-06-03,CUST-1141,Cheyenne Horton,Corporate,North,Office Supplies,Binders,View Binder,7926.36,8,0.3,-549.17
ORD-01190,2023-06-03,CUST-1066,Amber Kidd,Consumer,Central,Furniture,Chairs,Mesh Task Chair,32431.47,3,0,8736.25
ORD-01956,2023-06-03,CUST-1147,Victoria Larson,Consumer,West,Office Supplies,Storage,Storage Box,5168.38,9,0,434.75
ORD-00322,2023-06-04,CUST-1134,Daniel Kennedy,Corporate,Central,Technology,Machines,Label Maker,137065.63,11,0.3,-29347.43
ORD-01696,2023-06-05,CUST-1165,Michael Powell,Corporate,Central,Furniture,Tables,Conference Table,58445.41,5,0.3,-9271.79
ORD-00984,2023-06-07,CUST-1175,Nicole Herring,Home Office,West,Office Supplies,Supplies,Tape Dispenser,2095.53,2,0,596.36
ORD-01862,2023-06-08,CUST-1282,Tammie Bright,Home Office,West,Technology,Accessories,Mechanical Keyboard,125577.19,9,0.3,-20155.41
ORD-00365,2023-06-09,CUST-1026,Judy Baker,Consumer,East,Furniture,Chairs,Executive Office Chair,40033.46,4,0.3,4887.92
ORD-00683,2023-06-10,CUST-1018,Derek Zuniga,Consumer,North,Furniture,Bookcases,Corner Bookcase,26894.22,9,0.05,1825.29
ORD-01030,2023-06-10,CUST-1204,Joseph Coleman,Consumer,East,Office Supplies,Fasteners,Paper Clips Box,8019.14,10,0.05,2264.01
ORD-01989,2023-06-10,CUST-1235,Michael Lyons,Consumer,North,Technology,Accessories,Wireless Mouse,42252.87,2,0.05,8037.29
ORD-01807,2023-06-11,CUST-1196,Allen Rosales,Consumer,North,Furniture,Chairs,Mesh Task Chair,101361.16,12,0,25153.77
ORD-00798,2023-06-12,CUST-1250,Kimberly Gutierrez,Consumer,East,Technology,Copiers,Desktop Copier,121345.26,6,0.3,-32994.62
ORD-01154,2023-06-12,CUST-1055,Shannon Jones,Corporate,South,Office Supplies,Art,Marker Set,860.89,4,0.15,33.42
ORD-01174,2023-06-13,CUST-1087,Shirley Suarez,Home Office,East,Office Supplies,Fasteners,Paper Clips Box,1033.61,3,0,288.92
ORD-00571,2023-06-14,CUST-1124,Michelle Harmon,Consumer,East,Office Supplies,Envelopes,Mailing Envelopes Pack,15137.27,12,0.15,-1534.01
ORD-01563,2023-06-14,CUST-1230,Lori Guerrero,Corporate,West,Technology,Machines,Scanner,153704.5,4,0,21406.26
ORD-00256,2023-06-16,CUST-1215,Julie Alexander,Consumer,West,Technology,Phones,Smartphone Lite,81450.5,6,0.3,-2411.15
ORD-00488,2023-06-16,CUST-1084,Paul Jones,Consumer,Central,Furniture,Tables,Coffee Table,105884.8,8,0.1,4735.63
ORD-00754,2023-06-16,CUST-1095,John Whitehead,Home Office,North,Furniture,Furnishings,Wall Clock,14428.66,5,0.3,-2517.88
ORD-00859,2023-06-16,CUST-1055,Shannon Jones,Corporate,South,Office Supplies,Fasteners,Stapler,3029.26,2,0,695.27
ORD-01416,2023-06-16,CUST-1226,Benjamin Smith,Corporate,Central,Technology,Phones,Smartphone Pro Max,250673.93,5,0.3,-35621.29
ORD-01671,2023-06-16,CUST-1076,Sarah Moore,Corporate,South,Technology,Accessories,Webcam HD,329878.41,12,0,86378.65
ORD-00766,2023-06-17,CUST-1284,Shelia Wallace,Consumer,South,Technology,Accessories,Wireless Mouse,1977.65,2,0,115.39
ORD-01161,2023-06-17,CUST-1081,Kelly Donovan,Consumer,Central,Furniture,Furnishings,Office Partition,41963.86,4,0,10846.51
ORD-01945,2023-06-17,CUST-1271,Jasmin Alvarado,Consumer,West,Office Supplies,Fasteners,Push Pins Pack,11258.07,7,0.1,1456.81
ORD-00961,2023-06-18,CUST-1286,Elaine Brooks,Corporate,Central,Technology,Phones,Smartphone Lite,84090.61,2,0.15,15107.3
ORD-01765,2023-06-18,CUST-1139,David Alvarez,Consumer,Central,Technology,Machines,All-in-One Printer,553329.82,10,0.3,80548.0
ORD-00654,2023-06-20,CUST-1234,Laura Roberts,Consumer,South,Technology,Accessories,Mechanical Keyboard,5810.66,1,0.2,-278.52
ORD-01218,2023-06-20,CUST-1126,Erin Edwards,Consumer,West,Technology,Machines,Laser Printer,100333.41,6,0.2,7197.93
ORD-01957,2023-06-20,CUST-1190,Jessica Gross,Home Office,North,Office Supplies,Art,Sketch Pad,1751.75,1,0,144.49
ORD-01626,2023-06-21,CUST-1167,Alyssa Long,Corporate,South,Technology,Accessories,USB-C Hub,273588.42,11,0.05,28893.82
ORD-00827,2023-06-23,CUST-1016,Brian Ramirez,Corporate,North,Technology,Copiers,Office Copier Machine,183818.94,4,0.15,28078.68
ORD-01442,2023-06-24,CUST-1127,Michelle Evans,Consumer,Central,Technology,Phones,Smartphone Pro Max,239253.69,7,0.05,68348.99
ORD-01663,2023-06-24,CUST-1247,Krista Gibson,Home Office,Central,Office Supplies,Art,Sketch Pad,10819.8,11,0.1,2603.27
ORD-01770,2023-06-24,CUST-1011,Monica Herrera,Home Office,Central,Office Supplies,Binders,Clip Binder,9745.09,8,0.3,1802.37
ORD-01845,2023-06-24,CUST-1211,Christopher Smith,Consumer,West,Office Supplies,Fasteners,Stapler,6861.3,4,0.1,1630.81
ORD-00718,2023-06-25,CUST-1069,James Brown,Consumer,West,Office Supplies,Fasteners,Paper Clips Box,723.86,1,0.1,-31.95
ORD-01337,2023-06-25,CUST-1085,Zachary Ferrell,Home Office,West,Office Supplies,Storage,Storage Box,6572.92,4,0,537.06
ORD-00443,2023-06-27,CUST-1092,Brian Rodriguez,Home Office,West,Furniture,Furnishings,Desk Lamp,61931.99,10,0.2,-7007.71
ORD-00072,2023-06-28,CUST-1027,Justin Baker,Home Office,South,Office Supplies,Envelopes,Mailing Envelopes Pack,8842.05,12,0,1641.1
ORD-00044,2023-06-29,CUST-1073,Brittney Phillips,Consumer,North,Furniture,Tables,Coffee Table,113598.87,10,0,21653.01
ORD-01072,2023-06-29,CUST-1035,Debra Davidson,Corporate,West,Technology,Accessories,USB-C Hub,610944.42,12,0.05,56113.62
ORD-01675,2023-06-30,CUST-1095,John Whitehead,Home Office,West,Technology,Copiers,Desktop Copier,1808.82,1,0.3,-113.56
ORD-01743,2023-06-30,CUST-1292,Stephanie Byrd,Consumer,West,Technology,Phones,Smartphone Lite,457343.9,10,0.1,18687.26
ORD-00079,2023-07-02,CUST-1015,Dylan Miller,Home Office,South,Technology,Machines,Label Maker,313384.82,6,0.2,-55568.83
ORD-00562,2023-07-02,CUST-1078,Megan Young,Corporate,Central,Office Supplies,Paper,Printer Paper Bulk,925.13,1,0,316.76
ORD-00692,2023-07-02,CUST-1028,Stephanie Ross,Home Office,East,Office Supplies,Art,Whiteboard,8891.41,10,0.15,1237.74
ORD-01826,2023-07-02,CUST-1268,Colin Terry,Corporate,South,Furniture,Chairs,Mesh Task Chair,51400.0,10,0.1,-525.42
ORD-00723,2023-07-03,CUST-1074,Lauren Daniels,Consumer,Central,Furniture,Chairs,Executive Office Chair,100565.16,9,0.05,2894.81
ORD-00033,2023-07-04,CUST-1166,John Anderson,Home Office,South,Furniture,Bookcases,Corner Bookcase,45527.62,4,0.15,-6557.48
ORD-00617,2023-07-04,CUST-1298,William Barrett,Corporate,West,Office Supplies,Binders,Ring Binder Set,1936.33,4,0.05,140.12
ORD-00794,2023-07-04,CUST-1254,Barbara Dudley,Consumer,South,Furniture,Tables,Coffee Table,51434.81,11,0,5427.59
ORD-00352,2023-07-05,CUST-1212,Denise Mccann,Home Office,South,Furniture,Tables,Study Table,10500.84,5,0.3,-519.6
ORD-00252,2023-07-06,CUST-1210,Brian Lee,Consumer,Central,Furniture,Chairs,Folding Chair,29660.66,3,0.1,2616.15
ORD-00333,2023-07-06,CUST-1094,Christina Walters,Home Office,South,Technology,Accessories,Mechanical Keyboard,193736.41,12,0.05,50003.18
ORD-00741,2023-07-06,CUST-1044,Anthony Humphrey,Corporate,Central,Office Supplies,Binders,View Binder,15105.18,8,0,5198.64
ORD-01147,2023-07-07,CUST-1031,Rebecca Henderson,Corporate,North,Office Supplies,Art,Whiteboard,6132.61,9,0.3,-575.76
ORD-01333,2023-07-07,CUST-1294,Margaret Coleman,Corporate,North,Technology,Accessories,Wireless Mouse,16950.76,6,0,4955.55
ORD-01608,2023-07-07,CUST-1043,Sherry Decker,Consumer,South,Office Supplies,Binders,View Binder,7998.58,5,0.3,417.86
ORD-01952,2023-07-07,CUST-1163,Lindsey Walker,Home Office,North,Office Supplies,Envelopes,Padded Envelopes,5620.58,7,0.2,27.32
ORD-00951,2023-07-09,CUST-1253,Tanya Kim,Corporate,South,Technology,Copiers,Office Copier Machine,572830.28,11,0.1,87669.69
ORD-01508,2023-07-09,CUST-1068,Carol Tucker,Consumer,North,Furniture,Bookcases,Corner Bookcase,28449.89,2,0,2198.04
ORD-01590,2023-07-09,CUST-1233,Christopher Parker,Corporate,North,Office Supplies,Art,Whiteboard,6955.09,6,0,1220.73
ORD-01598,2023-07-09,CUST-1191,Debra Morton,Home Office,South,Office Supplies,Paper,A4 Paper Ream,2156.06,10,0,201.07
ORD-01880,2023-07-09,CUST-1202,Ricky Davis II,Consumer,West,Office Supplies,Labels,Label Roll,8310.07,6,0.2,-1151.56
ORD-00883,2023-07-10,CUST-1268,Colin Terry,Corporate,East,Office Supplies,Labels,Label Roll,4828.71,3,0.15,449.69
ORD-01120,2023-07-10,CUST-1148,Stephanie Salazar,Home Office,Central,Office Supplies,Art,Sketch Pad,4260.34,6,0.1,102.48
ORD-00348,2023-07-12,CUST-1281,Amanda Jones,Home Office,West,Furniture,Tables,Dining Table,124951.4,11,0.1,28053.06
ORD-01543,2023-07-13,CUST-1223,Elizabeth Oliver DDS,Home Office,North,Technology,Machines,All-in-One Printer,16417.46,10,0.3,-3979.38
ORD-00168,2023-07-14,CUST-1231,Jessica Stephens,Corporate,West,Furniture,Bookcases,Modern Bookcase,47332.57,7,0,13331.23
ORD-01188,2023-07-14,CUST-1296,John Young,Corporate,South,Technology,Accessories,Wireless Mouse,280790.11,7,0.1,17641.57
ORD-01408,2023-07-14,CUST-1280,Nathan Malone,Consumer,West,Furniture,Furnishings,Wall Clock,36120.59,4,0.1,6292.35
ORD-00133,2023-07-15,CUST-1148,Stephanie Salazar,Home Office,North,Office Supplies,Envelopes,Padded Envelopes,3570.58,6,0.1,995.09
ORD-01172,2023-07-15,CUST-1275,Joyce Bowen,Corporate,Central,Technology,Phones,Cordless Phone,299491.45,10,0.1,44438.26
ORD-00197,2023-07-16,CUST-1048,Shane Henderson,Consumer,East,Technology,Phones,Cordless Phone,112000.32,11,0.1,15934.65
ORD-01360,2023-07-16,CUST-1286,Elaine Brooks,Corporate,Central,Technology,Copiers,Office Copier Machine,331897.45,7,0,98260.7
ORD-00335,2023-07-17,CUST-1252,Olivia Harris,Consumer,South,Office Supplies,Fasteners,Paper Clips Box,4243.82,4,0.2,-62.2
ORD-00403,2023-07-17,CUST-1169,Joel Williams,Corporate,Central,Technology,Accessories,Mechanical Keyboard,344106.14,10,0,67134.73
ORD-01274,2023-07-17,CUST-1195,John Bishop,Corporate,North,Office Supplies,Paper,Printer Paper Bulk,13515.21,11,0.3,-400.49
ORD-00253,2023-07-18,CUST-1217,Rodney Morales,Home Office,West,Technology,Copiers,Office Copier Machine,162914.44,4,0.2,20181.29
ORD-01886,2023-07-18,CUST-1294,Margaret Coleman,Corporate,South,Furniture,Tables,Conference Table,31371.81,5,0.3,-2445.0
ORD-00693,2023-07-19,CUST-1220,Bailey Duran DDS,Consumer,Central,Office Supplies,Art,Sketch Pad,9073.89,11,0.15,1210.2
ORD-01738,2023-07-19,CUST-1046,Philip Cannon,Consumer,North,Technology,Phones,Smartphone Pro Max,432381.71,10,0.2,74921.27
ORD-00371,2023-07-20,CUST-1284,Shelia Wallace,Consumer,Central,Office Supplies,Storage,Storage Box,544.68,1,0.05,29.6
ORD-00991,2023-07-20,CUST-1072,Whitney Peters,Corporate,West,Furniture,Tables,Study Table,20519.38,8,0,4230.81
ORD-01710,2023-07-20,CUST-1148,Stephanie Salazar,Home Office,North,Office Supplies,Art,Sketch Pad,2366.87,3,0.15,130.06
ORD-01639,2023-07-21,CUST-1145,Amber Wright,Consumer,North,Furniture,Chairs,Folding Chair,33708.71,4,0.05,-258.82
ORD-00888,2023-07-22,CUST-1243,Kevin Walters,Home Office,South,Furniture,Chairs,Mesh Task Chair,7297.62,4,0,1405.81
ORD-01127,2023-07-22,CUST-1146,Joyce Solis,Home Office,West,Furniture,Tables,Study Table,92530.89,10,0.15,18920.25
ORD-00496,2023-07-23,CUST-1297,Laura Haney,Consumer,East,Technology,Accessories,Mechanical Keyboard,55949.48,9,0,11673.95
ORD-01532,2023-07-23,CUST-1295,Ryan Gonzalez,Consumer,Central,Furniture,Tables,Study Table,22325.32,2,0.2,1618.3
ORD-01623,2023-07-23,CUST-1212,Denise Mccann,Home Office,West,Furniture,Furnishings,Wall Clock,99260.14,7,0.1,21417.84
ORD-00599,2023-07-24,CUST-1216,Anthony Everett,Corporate,Central,Technology,Machines,Laser Printer,36287.94,7,0,12594.8
ORD-00645,2023-07-24,CUST-1163,Lindsey Walker,Home Office,North,Office Supplies,Envelopes,Padded Envelopes,698.6,1,0.05,98.83
ORD-01507,2023-07-24,CUST-1190,Jessica Gross,Home Office,South,Furniture,Chairs,Mesh Task Chair,44613.54,4,0.3,-2566.39
ORD-01820,2023-07-24,CUST-1036,Jeffrey Chavez,Consumer,South,Technology,Phones,Smartphone Pro Max,402180.9,11,0.3,-56845.03
ORD-01887,2023-07-24,CUST-1074,Lauren Daniels,Consumer,Central,Office Supplies,Storage,File Organizer,5113.53,12,0.05,927.36
ORD-00014,2023-07-25,CUST-1036,Jeffrey Chavez,Consumer,East,Technology,Copiers,Office Copier Machine,58232.92,1,0.1,-2805.66
ORD-01745,2023-07-25,CUST-1009,Gabrielle Davis,Home Office,South,Technology,Machines,All-in-One Printer,86191.84,2,0.3,-11739.39
ORD-01140,2023-07-26,CUST-1237,Andrew Reynolds,Consumer,South,Technology,Accessories,Wireless Mouse,462193.52,12,0,159390.62
ORD-00430,2023-07-27,CUST-1239,Sara Johnston,Consumer,Central,Furniture,Chairs,Mesh Task Chair,77156.89,8,0.1,7218.27
ORD-01459,2023-07-27,CUST-1091,Matthew Mcmillan,Home Office,West,Office Supplies,Supplies,Glue Stick,6819.25,5,0,570.97
ORD-01606,2023-07-27,CUST-1209,Dr. William Warren,Home Office,North,Technology,Phones,Smartphone Lite,520879.13,9,0,97110.86
ORD-00995,2023-07-28,CUST-1142,David Douglas Jr.,Consumer,East,Office Supplies,Labels,Sticker Sheet,2029.77,11,0,535.71
ORD-01227,2023-07-28,CUST-1149,Kathy Rivas,Corporate,Central,Office Supplies,Binders,Ring Binder Set,16810.37,12,0,5028.4
ORD-00247,2023-07-29,CUST-1252,Olivia Harris,Consumer,North,Furniture,Tables,Coffee Table,83101.25,12,0.2,9443.32
ORD-00709,2023-07-29,CUST-1180,Robert Oconnell,Consumer,West,Furniture,Bookcases,5-Shelf Bookcase,3278.68,3,0.05,316.68
ORD-00226,2023-07-30,CUST-1030,Anthony Rodriguez,Home Office,West,Office Supplies,Labels,Label Roll,1643.17,3,0,458.8
ORD-01084,2023-07-31,CUST-1137,Robert Potter,Corporate,Central,Technology,Copiers,Desktop Copier,62399.24,4,0.1,3291.15
ORD-01321,2023-07-31,CUST-1272,Veronica Simpson,Consumer,North,Technology,Machines,Label Maker,123484.76,3,0.05,23713.72
ORD-01490,2023-07-31,CUST-1212,Denise Mccann,Home Office,West,Furniture,Bookcases,Corner Bookcase,65912.78,5,0.05,6877.84
ORD-00497,2023-08-01,CUST-1088,Christopher Bass,Home Office,Central,Furniture,Chairs,Mesh Task Chair,115594.23,9,0,21026.56
ORD-00721,2023-08-01,CUST-1011,Monica Herrera,Home Office,East,Furniture,Tables,Dining Table,102447.62,11,0.05,13241.49
ORD-00268,2023-08-02,CUST-1059,Brent Jordan,Consumer,North,Technology,Accessories,Mechanical Keyboard,291976.24,5,0.2,8970.74
ORD-00419,2023-08-02,CUST-1179,Lawrence Adkins,Home Office,Central,Office Supplies,Storage,Plastic Drawer Unit,463.65,2,0,133.41
ORD-01769,2023-08-02,CUST-1224,Theresa Clark,Consumer,Central,Furniture,Tables,Study Table,65712.47,6,0.05,12028.62
ORD-00043,2023-08-03,CUST-1233,Christopher Parker,Corporate,North,Office Supplies,Art,Sketch Pad,4528.5,11,0,966.24
ORD-00533,2023-08-03,CUST-1097,Aaron Wise,Consumer,West,Furniture,Furnishings,Desk Lamp,4707.8,1,0.05,478.68
ORD-00538,2023-08-03,CUST-1135,Rebecca Jackson,Home Office,Central,Technology,Machines,Scanner,179026.6,3,0,38795.5
ORD-00544,2023-08-03,CUST-1166,John Anderson,Home Office,North,Office Supplies,Paper,Printer Paper Bulk,3724.61,10,0.2,-721.5
ORD-00846,2023-08-03,CUST-1074,Lauren Daniels,Consumer,North,Technology,Machines,Label Maker,158693.65,7,0.1,27064.19
ORD-01784,2023-08-03,CUST-1170,Daniel Murphy,Corporate,West,Technology,Accessories,Mechanical Keyboard,224483.82,10,0.3,-66025.97
ORD-00316,2023-08-04,CUST-1044,Anthony Humphrey,Corporate,South,Technology,Copiers,Office Copier Machine,74468.34,3,0,17646.28
ORD-00804,2023-08-04,CUST-1258,Kathleen Moran,Home Office,Central,Furniture,Chairs,Recliner Chair,44822.27,3,0,6151.44
ORD-00347,2023-08-05,CUST-1227,Kirk Carter,Corporate,South,Furniture,Tables,Conference Table,10121.46,1,0.3,-2237.97
ORD-00455,2023-08-05,CUST-1214,Katherine Salas,Home Office,West,Office Supplies,Storage,Storage Box,2507.47,3,0,584.65
ORD-00627,2023-08-05,CUST-1106,Marc Moore,Corporate,South,Technology,Phones,Smartphone Pro Max,959.51,1,0.2,-125.3
ORD-01419,2023-08-06,CUST-1033,Tricia Valencia,Corporate,North,Office Supplies,Fasteners,Push Pins Pack,19811.62,10,0.15,2905.57
ORD-01766,2023-08-07,CUST-1006,Connie Lawrence,Consumer,Central,Furniture,Chairs,Recliner Chair,80672.6,6,0,28101.36
ORD-01088,2023-08-08,CUST-1128,Jason Powell,Home Office,North,Office Supplies,Paper,A4 Paper Ream,1894.64,1,0,267.21
ORD-00245,2023-08-09,CUST-1275,Joyce Bowen,Corporate,East,Technology,Machines,Scanner,403205.45,11,0.1,23816.43
ORD-00822,2023-08-09,CUST-1116,Diana May,Home Office,South,Office Supplies,Storage,File Organizer,10553.16,9,0,1172.05
ORD-01456,2023-08-09,CUST-1027,Justin Baker,Home Office,East,Office Supplies,Art,Marker Set,1847.92,3,0.15,385.87
ORD-00062,2023-08-10,CUST-1118,Ashley Waller,Consumer,Central,Technology,Accessories,Mechanical Keyboard,454079.66,10,0,108286.39
ORD-00343,2023-08-10,CUST-1238,David Davis,Corporate,South,Furniture,Bookcases,Corner Bookcase,103163.47,11,0,10171.9
ORD-00057,2023-08-12,CUST-1117,William Herrera,Corporate,North,Technology,Phones,Smartphone X200,145425.0,8,0.15,24698.67
ORD-00404,2023-08-12,CUST-1219,Justin Torres,Corporate,Central,Technology,Machines,Label Maker,89804.69,3,0.3,-558.66
ORD-01023,2023-08-12,CUST-1029,Zachary Hicks,Home Office,Central,Furniture,Tables,Conference Table,67176.71,5,0,16275.56
ORD-01141,2023-08-12,CUST-1236,Kathryn Snyder,Consumer,Central,Technology,Copiers,Office Copier Machine,350522.9,9,0.2,24815.37
ORD-01975,2023-08-12,CUST-1137,Robert Potter,Corporate,North,Furniture,Bookcases,5-Shelf Bookcase,42223.36,3,0.2,3451.31
ORD-01290,2023-08-13,CUST-1092,Brian Rodriguez,Home Office,Central,Furniture,Bookcases,Modern Bookcase,29061.4,2,0.15,-4570.41
ORD-01914,2023-08-13,CUST-1169,Joel Williams,Corporate,South,Technology,Phones,Cordless Phone,92337.46,3,0.1,2844.58
ORD-00475,2023-08-14,CUST-1025,Matthew Foster,Home Office,South,Technology,Machines,Scanner,29697.47,3,0,10155.4
ORD-00398,2023-08-15,CUST-1093,Denise Jacobs,Consumer,North,Furniture,Tables,Conference Table,115982.39,10,0.3,7112.64
ORD-01423,2023-08-15,CUST-1158,Jason Stein,Home Office,Central,Office Supplies,Labels,Label Roll,766.41,1,0,115.15
ORD-01546,2023-08-15,CUST-1235,Michael Lyons,Consumer,Central,Office Supplies,Labels,Label Roll,7530.4,7,0.2,-594.64
ORD-00485,2023-08-16,CUST-1284,Shelia Wallace,Consumer,West,Furniture,Bookcases,Modern Bookcase,38322.29,5,0,3686.88
ORD-00589,2023-08-16,CUST-1086,Daniel Baker,Corporate,North,Furniture,Furnishings,Wall Clock,41378.9,10,0.05,7242.6
ORD-01698,2023-08-17,CUST-1222,Jeremy Dalton,Home Office,East,Furniture,Bookcases,Modern Bookcase,107022.12,9,0.05,26411.82
ORD-01811,2023-08-18,CUST-1035,Debra Davidson,Corporate,West,Office Supplies,Binders,Clip Binder,16822.29,12,0.1,2281.99
ORD-01926,2023-08-20,CUST-1184,Ashley Barton,Home Office,South,Furniture,Chairs,Recliner Chair,91282.35,11,0.05,3451.77
ORD-01730,2023-08-21,CUST-1081,Kelly Donovan,Consumer,North,Furniture,Tables,Conference Table,128487.69,11,0,10778.37
ORD-00866,2023-08-22,CUST-1249,Jose Travis,Consumer,West,Office Supplies,Envelopes,Padded Envelopes,2182.39,9,0.1,177.12
ORD-01096,2023-08-22,CUST-1076,Sarah Moore,Corporate,West,Office Supplies,Envelopes,Padded Envelopes,2047.71,7,0.15,206.87
ORD-01335,2023-08-23,CUST-1053,Crystal Robinson,Consumer,West,Technology,Phones,Smartphone Lite,228668.07,4,0.1,-1970.91
ORD-01828,2023-08-23,CUST-1265,Yvonne Burns,Home Office,South,Furniture,Furnishings,Desk Lamp,6432.88,12,0.05,1222.56
ORD-00809,2023-08-24,CUST-1028,Stephanie Ross,Home Office,West,Furniture,Furnishings,Office Partition,7210.71,1,0,543.67
ORD-01004,2023-08-25,CUST-1292,Stephanie Byrd,Consumer,North,Technology,Accessories,Webcam HD,9554.21,1,0,1895.06
ORD-01373,2023-08-25,CUST-1086,Daniel Baker,Corporate,West,Furniture,Chairs,Mesh Task Chair,74825.92,9,0.3,172.43
ORD-01761,2023-08-25,CUST-1159,Melissa Gates,Consumer,East,Technology,Machines,Laser Printer,9163.3,5,0.2,503.13
ORD-00284,2023-08-26,CUST-1232,Susan Serrano,Home Office,South,Furniture,Furnishings,Office Partition,160240.01,12,0.15,7729.26
ORD-00792,2023-08-26,CUST-1097,Aaron Wise,Consumer,West,Furniture,Bookcases,Modern Bookcase,76574.35,10,0.05,23103.44
ORD-01237,2023-08-26,CUST-1067,Tracy House,Home Office,Central,Office Supplies,Envelopes,Mailing Envelopes Pack,4129.4,6,0.3,215.05
ORD-01907,2023-08-26,CUST-1141,Cheyenne Horton,Corporate,North,Furniture,Chairs,Folding Chair,89100.8,9,0.1,-5157.67
ORD-01557,2023-08-27,CUST-1226,Benjamin Smith,Corporate,North,Technology,Copiers,Office Copier Machine,147386.94,8,0.15,7853.37
ORD-01673,2023-08-27,CUST-1081,Kelly Donovan,Consumer,Central,Office Supplies,Labels,Label Roll,5813.53,5,0.05,150.74
ORD-00142,2023-08-28,CUST-1189,Madison Poole,Consumer,Central,Furniture,Tables,Study Table,21769.53,8,0.2,-478.43
ORD-00362,2023-08-29,CUST-1135,Rebecca Jackson,Home Office,Central,Technology,Copiers,Desktop Copier,485093.04,11,0.15,83429.69
ORD-00549,2023-08-29,CUST-1292,Stephanie Byrd,Consumer,North,Office Supplies,Paper,A4 Paper Ream,1863.71,9,0.1,89.61
ORD-01564,2023-08-29,CUST-1058,Richard Aguirre,Corporate,West,Furniture,Bookcases,Modern Bookcase,53418.77,5,0.1,-177.07
ORD-01922,2023-08-29,CUST-1138,Courtney Gonzalez,Consumer,East,Technology,Copiers,Desktop Copier,292512.28,6,0,35720.57
ORD-00038,2023-08-30,CUST-1117,William Herrera,Corporate,East,Furniture,Bookcases,5-Shelf Bookcase,98939.51,12,0.1,19451.24
ORD-01075,2023-08-30,CUST-1013,Lisa Hensley,Home Office,North,Office Supplies,Envelopes,Mailing Envelopes Pack,1873.66,6,0.2,-4.1
ORD-00725,2023-08-31,CUST-1053,Crystal Robinson,Consumer,Central,Technology,Accessories,Wireless Mouse,103199.94,4,0.1,-2077.8
ORD-01524,2023-08-31,CUST-1093,Denise Jacobs,Consumer,North,Technology,Copiers,Desktop Copier,225138.55,6,0.15,-5985.44
ORD-00857,2023-09-01,CUST-1253,Tanya Kim,Corporate,East,Furniture,Furnishings,Wall Clock,36413.89,6,0,10712.83
ORD-01185,2023-09-01,CUST-1283,Jessica Garcia,Home Office,East,Furniture,Furnishings,Desk Lamp,69115.78,5,0.1,14420.26
ORD-00631,2023-09-02,CUST-1201,Melissa Brewer,Consumer,Central,Furniture,Furnishings,Desk Lamp,40648.46,3,0,10550.58
ORD-01819,2023-09-03,CUST-1138,Courtney Gonzalez,Consumer,South,Furniture,Furnishings,Desk Lamp,3467.16,3,0.05,12.77
ORD-00148,2023-09-04,CUST-1238,David Davis,Corporate,Central,Technology,Copiers,Desktop Copier,38242.98,4,0,2281.77
ORD-00255,2023-09-04,CUST-1097,Aaron Wise,Consumer,South,Office Supplies,Art,Marker Set,2970.6,10,0,732.61
ORD-01086,2023-09-04,CUST-1110,Sharon Cochran,Corporate,Central,Technology,Machines,Scanner,14019.66,1,0.1,878.48
ORD-01800,2023-09-04,CUST-1245,Shannon Rivera,Consumer,North,Technology,Phones,Smartphone Lite,130599.0,9,0.15,17485.76
ORD-01737,2023-09-05,CUST-1270,Patrick Thornton,Consumer,East,Furniture,Chairs,Folding Chair,23960.8,3,0,5809.91
ORD-01899,2023-09-05,CUST-1163,Lindsey Walker,Home Office,South,Technology,Phones,Smartphone Lite,215260.93,7,0.1,51512.73
ORD-01207,2023-09-06,CUST-1222,Jeremy Dalton,Home Office,South,Office Supplies,Paper,A4 Paper Ream,716.45,8,0,182.93
ORD-00114,2023-09-07,CUST-1081,Kelly Donovan,Consumer,South,Technology,Accessories,Wireless Mouse,57732.6,4,0.15,4957.48
ORD-00813,2023-09-07,CUST-1208,Cathy Robinson,Consumer,West,Furniture,Tables,Coffee Table,103791.46,10,0.2,-1085.42
ORD-01632,2023-09-07,CUST-1197,Daniel Salinas,Consumer,North,Furniture,Chairs,Recliner Chair,2396.93,4,0.05,716.1
ORD-01852,2023-09-07,CUST-1141,Cheyenne Horton,Corporate,West,Technology,Phones,Cordless Phone,264286.33,9,0,71564.3
ORD-01790,2023-09-08,CUST-1208,Cathy Robinson,Consumer,Central,Furniture,Furnishings,Wall Clock,93345.23,7,0.15,10717.01
ORD-01888,2023-09-08,CUST-1006,Connie Lawrence,Consumer,South,Technology,Machines,Laser Printer,424921.84,11,0.2,22159.76
ORD-00490,2023-09-09,CUST-1139,David Alvarez,Consumer,East,Furniture,Bookcases,5-Shelf Bookcase,2485.77,1,0.2,-323.31
ORD-00666,2023-09-10,CUST-1281,Amanda Jones,Home Office,West,Furniture,Furnishings,Desk Lamp,80866.48,8,0,6602.01
ORD-01315,2023-09-10,CUST-1267,Kimberly Gibson,Consumer,North,Furniture,Bookcases,5-Shelf Bookcase,3612.91,2,0.2,395.55
ORD-01637,2023-09-10,CUST-1075,Amy Silva,Consumer,South,Furniture,Bookcases,Corner Bookcase,19840.77,4,0.2,-1491.82
ORD-01834,2023-09-12,CUST-1190,Jessica Gross,Home Office,Central,Office Supplies,Envelopes,Mailing Envelopes Pack,3793.14,7,0.3,-509.15
ORD-00507,2023-09-13,CUST-1085,Zachary Ferrell,Home Office,West,Technology,Accessories,USB-C Hub,550937.58,12,0.3,-59274.64
ORD-00595,2023-09-13,CUST-1114,Crystal Johnson,Consumer,South,Technology,Machines,Laser Printer,211658.24,5,0,23033.93
ORD-00818,2023-09-13,CUST-1202,Ricky Davis II,Consumer,North,Office Supplies,Supplies,Glue Stick,11382.64,8,0.1,73.06
ORD-01150,2023-09-13,CUST-1007,Abigail Shaffer,Consumer,South,Furniture,Furnishings,Office Partition,26220.17,4,0.1,7238.51
ORD-00432,2023-09-15,CUST-1289,Lisa Allen,Consumer,East,Furniture,Furnishings,Office Partition,26419.41,3,0,3594.22
ORD-00394,2023-09-16,CUST-1147,Victoria Larson,Consumer,West,Furniture,Furnishings,Wall Clock,138259.76,10,0.3,1860.79
ORD-01848,2023-09-16,CUST-1084,Paul Jones,Consumer,South,Furniture,Tables,Coffee Table,11901.54,2,0.15,1486.56
ORD-00384,2023-09-17,CUST-1171,Jamie Walton,Consumer,West,Technology,Accessories,Wireless Mouse,129096.45,6,0.1,23364.99
ORD-01812,2023-09-19,CUST-1240,Yvonne Chambers,Home Office,Central,Office Supplies,Fasteners,Paper Clips Box,868.2,1,0.3,-72.19
ORD-01918,2023-09-19,CUST-1011,Monica Herrera,Home Office,Central,Technology,Accessories,Wireless Mouse,181765.83,7,0.1,16806.65
ORD-01101,2023-09-20,CUST-1124,Michelle Harmon,Consumer,West,Technology,Accessories,Wireless Mouse,8626.07,4,0,2573.13
ORD-01454,2023-09-20,CUST-1261,Katie Suarez,Home Office,North,Technology,Accessories,Webcam HD,472556.85,10,0.2,-47125.94
ORD-01485,2023-09-20,CUST-1159,Melissa Gates,Consumer,Central,Office Supplies,Envelopes,Padded Envelopes,6378.93,7,0.1,1636.46
ORD-00215,2023-09-22,CUST-1054,Mark Perez,Home Office,South,Office Supplies,Art,Sketch Pad,2415.2,8,0.1,-155.1
ORD-01224,2023-09-22,CUST-1209,Dr. William Warren,Home Office,East,Furniture,Chairs,Mesh Task Chair,80282.66,7,0.2,-3833.88
ORD-00449,2023-09-23,CUST-1256,Kristen Davis,Consumer,Central,Technology,Phones,Smartphone X200,283982.27,6,0,32232.97
ORD-00170,2023-09-24,CUST-1228,Michael Warner,Home Office,East,Technology,Phones,Smartphone Lite,54191.94,2,0.2,-2001.63
ORD-00410,2023-09-24,CUST-1162,Jennifer Adkins,Consumer,North,Technology,Copiers,Desktop Copier,179868.32,8,0.1,6225.27
ORD-00524,2023-09-24,CUST-1011,Monica Herrera,Home Office,Central,Furniture,Chairs,Mesh Task Chair,42572.77,5,0.15,6094.71
ORD-01323,2023-09-24,CUST-1034,Nathan Maldonado,Home Office,East,Technology,Machines,Label Maker,52986.03,5,0.3,5903.48
ORD-01744,2023-09-24,CUST-1022,Patty Perez,Home Office,East,Technology,Accessories,Webcam HD,25129.02,5,0.3,-2430.82
ORD-01412,2023-09-26,CUST-1015,Dylan Miller,Home Office,Central,Furniture,Tables,Conference Table,29906.66,2,0.2,-6544.46
ORD-01028,2023-09-27,CUST-1105,Richard Henson,Home Office,East,Technology,Phones,Smartphone Pro Max,354236.85,7,0.3,-9600.27
ORD-00019,2023-09-28,CUST-1116,Diana May,Home Office,South,Furniture,Chairs,Executive Office Chair,59068.29,4,0.3,-9722.48
ORD-00519,2023-09-28,CUST-1238,David Davis,Corporate,West,Office Supplies,Envelopes,Padded Envelopes,6159.67,11,0,785.48
ORD-00629,2023-09-28,CUST-1104,Christine Wright,Consumer,Central,Office Supplies,Supplies,Glue Stick,586.64,4,0.2,48.16
ORD-00893,2023-09-28,CUST-1169,Joel Williams,Corporate,North,Technology,Machines,Laser Printer,389389.22,10,0.2,-68503.14
ORD-01197,2023-09-28,CUST-1207,Bryan Herrera,Corporate,North,Furniture,Chairs,Mesh Task Chair,20777.16,5,0,4950.28
ORD-00878,2023-09-29,CUST-1171,Jamie Walton,Consumer,South,Office Supplies,Paper,A4 Paper Ream,8908.44,9,0.05,267.31
ORD-01406,2023-09-29,CUST-1276,Matthew Moore,Corporate,North,Furniture,Chairs,Executive Office Chair,26591.04,5,0.2,-534.52
ORD-01903,2023-10-01,CUST-1039,Elizabeth Fowler,Corporate,North,Furniture,Bookcases,Corner Bookcase,87597.02,8,0.1,5666.54
ORD-01830,2023-10-02,CUST-1213,Melissa Martinez,Corporate,Central,Office Supplies,Binders,Clip Binder,917.81,3,0.3,-231.0
ORD-00271,2023-10-03,CUST-1219,Justin Torres,Corporate,North,Furniture,Chairs,Executive Office Chair,30355.94,3,0.3,3218.76
ORD-01216,2023-10-03,CUST-1195,John Bishop,Corporate,North,Office Supplies,Fasteners,Paper Clips Box,1564.64,5,0.3,-266.79
ORD-00739,2023-10-04,CUST-1208,Cathy Robinson,Consumer,West,Furniture,Chairs,Recliner Chair,73163.39,11,0.15,2119.23
ORD-01252,2023-10-05,CUST-1293,Jeremy Reed,Home Office,East,Furniture,Bookcases,5-Shelf Bookcase,31403.61,5,0.1,7151.82
ORD-01076,2023-10-06,CUST-1056,Michael Lewis,Home Office,East,Technology,Machines,All-in-One Printer,207604.05,12,0.15,50498.53
ORD-01912,2023-10-06,CUST-1100,Stephen Mckee,Corporate,East,Technology,Accessories,Mechanical Keyboard,89493.19,11,0.2,-8155.59
ORD-01012,2023-10-07,CUST-1004,Daniel Wagner,Home Office,Central,Furniture,Bookcases,Modern Bookcase,23464.01,2,0.2,530.35
ORD-01361,2023-10-07,CUST-1217,Rodney Morales,Home Office,East,Technology,Copiers,Office Copier Machine,309611.21,9,0.1,41464.94
ORD-01726,2023-10-07,CUST-1166,John Anderson,Home Office,North,Office Supplies,Fasteners,Push Pins Pack,2765.14,3,0.1,382.34
ORD-01581,2023-10-08,CUST-1179,Lawrence Adkins,Home Office,North,Furniture,Furnishings,Desk Lamp,13565.27,10,0,4160.14
ORD-01762,2023-10-08,CUST-1034,Nathan Maldonado,Home Office,North,Office Supplies,Supplies,Glue Stick,966.95,6,0.3,-197.52
ORD-01806,2023-10-08,CUST-1161,Paul Castaneda,Home Office,North,Technology,Accessories,Mechanical Keyboard,184521.12,7,0,50483.22
ORD-01871,2023-10-08,CUST-1039,Elizabeth Fowler,Corporate,East,Technology,Accessories,Wireless Mouse,48574.36,2,0.05,12322.15
ORD-01046,2023-10-09,CUST-1299,Keith Jennings,Corporate,West,Technology,Machines,All-in-One Printer,240997.27,5,0,23853.19
ORD-00305,2023-10-10,CUST-1220,Bailey Duran DDS,Consumer,South,Furniture,Bookcases,5-Shelf Bookcase,43307.55,4,0.15,-4099.24
ORD-00344,2023-10-11,CUST-1150,Stephanie Manning,Home Office,East,Office Supplies,Envelopes,Padded Envelopes,12006.66,8,0.3,-371.84
ORD-01128,2023-10-11,CUST-1113,Julia Torres,Consumer,South,Technology,Accessories,Wireless Mouse,133515.69,3,0.1,30763.19
ORD-00231,2023-10-12,CUST-1090,Aimee Montoya,Consumer,Central,Office Supplies,Labels,Label Roll,6902.61,11,0.1,-239.37
ORD-00844,2023-10-12,CUST-1022,Patty Perez,Home Office,Central,Office Supplies,Art,Marker Set,622.97,12,0.15,81.25
ORD-01261,2023-10-13,CUST-1068,Carol Tucker,Consumer,West,Technology,Machines,Scanner,54030.23,2,0.1,1776.19
ORD-01523,2023-10-13,CUST-1162,Jennifer Adkins,Consumer,Central,Technology,Accessories,Webcam HD,173184.13,4,0.2,-21262.93
ORD-01694,2023-10-13,CUST-1049,Joshua Blair,Corporate,East,Furniture,Tables,Conference Table,97777.85,10,0,20066.7
ORD-00765,2023-10-14,CUST-1265,Yvonne Burns,Home Office,South,Technology,Accessories,Wireless Mouse,364849.75,12,0.2,28255.99
ORD-00415,2023-10-15,CUST-1139,David Alvarez,Consumer,South,Office Supplies,Fasteners,Push Pins Pack,7146.57,4,0.3,-668.06
ORD-01700,2023-10-16,CUST-1192,Karen Graham,Consumer,North,Office Supplies,Envelopes,Mailing Envelopes Pack,6423.47,9,0,1348.83
ORD-00233,2023-10-17,CUST-1086,Daniel Baker,Corporate,North,Office Supplies,Labels,Sticker Sheet,154.23,1,0.1,25.3
ORD-01948,2023-10-17,CUST-1012,Jamie Arnold,Home Office,Central,Technology,Accessories,USB-C Hub,572312.65,11,0,80323.24
ORD-00378,2023-10-19,CUST-1177,Michael Elliott,Home Office,Central,Office Supplies,Binders,Clip Binder,5941.55,3,0.3,-268.47
ORD-00470,2023-10-19,CUST-1181,Alexander Collins,Home Office,East,Office Supplies,Envelopes,Padded Envelopes,982.73,1,0,187.75
ORD-00583,2023-10-19,CUST-1206,David Martinez,Home Office,Central,Furniture,Furnishings,Desk Lamp,41020.52,6,0.15,3115.49
ORD-01309,2023-10-19,CUST-1057,Timothy Duncan,Consumer,West,Furniture,Bookcases,5-Shelf Bookcase,52576.38,4,0,2989.08
ORD-01699,2023-10-19,CUST-1224,Theresa Clark,Consumer,West,Furniture,Furnishings,Desk Lamp,11225.01,1,0,1781.68
ORD-00295,2023-10-20,CUST-1196,Allen Rosales,Consumer,North,Technology,Machines,Label Maker,49379.91,1,0.3,-2117.84
ORD-01122,2023-10-20,CUST-1105,Richard Henson,Home Office,West,Office Supplies,Storage,Storage Box,6109.36,12,0.15,-410.54
ORD-01478,2023-10-20,CUST-1231,Jessica Stephens,Corporate,Central,Technology,Machines,All-in-One Printer,331.52,1,0.1,-15.59
ORD-01561,2023-10-20,CUST-1284,Shelia Wallace,Consumer,East,Furniture,Tables,Coffee Table,31135.15,3,0.15,-371.36
ORD-01794,2023-10-22,CUST-1123,April Frost,Corporate,South,Technology,Copiers,Office Copier Machine,392686.26,10,0.3,-11390.96
ORD-00286,2023-10-23,CUST-1060,John Daniel,Home Office,East,Office Supplies,Supplies,Tape Dispenser,13550.02,10,0.1,2994.62
ORD-00777,2023-10-23,CUST-1220,Bailey Duran DDS,Consumer,South,Technology,Accessories,Wireless Mouse,90025.07,4,0,4761.42
ORD-01336,2023-10-23,CUST-1224,Theresa Clark,Consumer,South,Furniture,Bookcases,Modern Bookcase,137235.6,10,0,9620.03
ORD-00088,2023-10-24,CUST-1162,Jennifer Adkins,Consumer,South,Technology,Phones,Smartphone Pro Max,382727.05,8,0.15,30863.07
ORD-00904,2023-10-24,CUST-1191,Debra Morton,Home Office,Central,Technology,Phones,Cordless Phone,260704.6,12,0,45994.11
ORD-01231,2023-10-24,CUST-1116,Diana May,Home Office,North,Technology,Phones,Smartphone X200,73657.89,2,0.15,19013.34
ORD-00820,2023-10-25,CUST-1119,Victor Baker,Home Office,South,Furniture,Tables,Dining Table,97121.14,7,0,29528.77
ORD-00396,2023-10-26,CUST-1084,Paul Jones,Consumer,North,Furniture,Chairs,Folding Chair,63389.47,11,0,10370.74
ORD-00369,2023-10-27,CUST-1191,Debra Morton,Home Office,West,Office Supplies,Envelopes,Padded Envelopes,7626.25,10,0.1,478.64
ORD-00642,2023-10-27,CUST-1199,Adam Vaughan,Corporate,South,Technology,Accessories,USB-C Hub,223363.6,11,0.3,-39639.48
ORD-01000,2023-10-27,CUST-1235,Michael Lyons,Consumer,East,Furniture,Tables,Coffee Table,75829.83,12,0.3,4312.06
ORD-00085,2023-10-28,CUST-1088,Christopher Bass,Home Office,Central,Technology,Machines,Laser Printer,103781.95,7,0,17511.13
ORD-00704,2023-10-28,CUST-1205,Erin Warner,Consumer,Central,Office Supplies,Envelopes,Mailing Envelopes Pack,539.45,2,0.15,5.34
ORD-01631,2023-10-28,CUST-1115,Garrett Lin,Home Office,East,Technology,Copiers,Desktop Copier,268309.35,5,0.2,20350.37
ORD-01679,2023-10-28,CUST-1056,Michael Lewis,Home Office,Central,Furniture,Tables,Study Table,85282.86,8,0,8359.39
ORD-00664,2023-10-29,CUST-1228,Michael Warner,Home Office,South,Office Supplies,Supplies,Glue Stick,10407.29,12,0.3,-635.56
ORD-00474,2023-10-31,CUST-1249,Jose Travis,Consumer,Central,Office Supplies,Supplies,Glue Stick,3134.3,5,0.1,96.68
ORD-01070,2023-10-31,CUST-1120,Jeffrey Chandler,Corporate,East,Office Supplies,Supplies,Glue Stick,12624.23,9,0,4287.72
ORD-01077,2023-10-31,CUST-1283,Jessica Garcia,Home Office,West,Technology,Accessories,USB-C Hub,21843.31,12,0.15,975.73
ORD-01270,2023-11-02,CUST-1291,David Smith,Consumer,West,Technology,Phones,Cordless Phone,146619.95,4,0,49253.46
ORD-01628,2023-11-02,CUST-1178,Michael Wang,Consumer,Central,Furniture,Bookcases,Modern Bookcase,15113.86,7,0,1748.96
ORD-00127,2023-11-03,CUST-1164,Jeffrey Johnson,Home Office,South,Technology,Machines,Label Maker,288726.19,9,0.1,40653.83
ORD-00144,2023-11-03,CUST-1267,Kimberly Gibson,Consumer,West,Furniture,Tables,Dining Table,27067.79,2,0,5521.13
ORD-01493,2023-11-04,CUST-1257,Susan Murray MD,Corporate,West,Furniture,Furnishings,Office Partition,59322.98,4,0.1,839.92
ORD-00542,2023-11-05,CUST-1014,Michele Williams,Consumer,East,Office Supplies,Paper,Sticky Notes Pack,10063.29,6,0,590.34
ORD-00630,2023-11-05,CUST-1292,Stephanie Byrd,Consumer,West,Technology,Copiers,Desktop Copier,466608.7,12,0.15,36557.75
ORD-00751,2023-11-05,CUST-1034,Nathan Maldonado,Home Office,East,Technology,Copiers,Desktop Copier,85503.46,12,0,28606.05
ORD-00778,2023-11-05,CUST-1110,Sharon Cochran,Corporate,West,Office Supplies,Labels,Label Roll,3960.96,9,0.05,166.26
ORD-00981,2023-11-05,CUST-1237,Andrew Reynolds,Consumer,Central,Office Supplies,Fasteners,Stapler,7002.9,6,0,1921.46
ORD-00999,2023-11-05,CUST-1051,Jessica Holmes,Home Office,East,Technology,Phones,Smartphone Pro Max,205378.99,5,0.05,14130.95
ORD-01592,2023-11-05,CUST-1276,Matthew Moore,Corporate,West,Furniture,Furnishings,Desk Lamp,34842.32,8,0.2,-5.5
ORD-01808,2023-11-06,CUST-1148,Stephanie Salazar,Home Office,Central,Technology,Accessories,USB-C Hub,4672.08,1,0.2,-117.49
ORD-00077,2023-11-07,CUST-1063,Connor West,Home Office,West,Technology,Copiers,Desktop Copier,106466.39,5,0.05,5036.88
ORD-00016,2023-11-08,CUST-1161,Paul Castaneda,Home Office,North,Office Supplies,Fasteners,Push Pins Pack,7002.36,5,0,753.12
ORD-00314,2023-11-08,CUST-1059,Brent Jordan,Consumer,West,Office Supplies,Supplies,Glue Stick,3334.32,4,0.05,30.91
ORD-01967,2023-11-08,CUST-1277,Wayne Morgan,Corporate,East,Technology,Copiers,Office Copier Machine,5567.38,10,0.05,-69.57
ORD-01027,2023-11-09,CUST-1091,Matthew Mcmillan,Home Office,West,Furniture,Bookcases,Corner Bookcase,2760.97,1,0.1,613.76
ORD-01288,2023-11-09,CUST-1286,Elaine Brooks,Corporate,West,Technology,Phones,Cordless Phone,476000.47,10,0.3,-130860.33
ORD-00128,2023-11-10,CUST-1057,Timothy Duncan,Consumer,West,Office Supplies,Fasteners,Push Pins Pack,6549.0,12,0.05,1389.99
ORD-00703,2023-11-10,CUST-1017,Holly Wood,Consumer,South,Office Supplies,Art,Sketch Pad,10871.9,11,0.3,-808.33
ORD-01155,2023-11-10,CUST-1154,Devon Flores,Home Office,North,Furniture,Tables,Dining Table,16078.14,11,0.2,-235.64
ORD-00055,2023-11-11,CUST-1052,Danny Morgan,Corporate,West,Furniture,Furnishings,Desk Lamp,31083.04,12,0,5932.11
ORD-00409,2023-11-11,CUST-1182,Tina Sanders,Corporate,North,Furniture,Bookcases,5-Shelf Bookcase,88574.83,6,0.2,-1519.52
ORD-00673,2023-11-14,CUST-1079,Steve Sanchez,Home Office,South,Office Supplies,Art,Whiteboard,4493.52,12,0.3,128.01
ORD-00871,2023-11-14,CUST-1181,Alexander Collins,Home Office,Central,Furniture,Chairs,Mesh Task Chair,49586.12,6,0.2,8035.43
ORD-00689,2023-11-15,CUST-1140,Angel Perry,Home Office,South,Furniture,Bookcases,5-Shelf Bookcase,11937.52,2,0,3400.05
ORD-01184,2023-11-15,CUST-1163,Lindsey Walker,Home Office,North,Furniture,Tables,Conference Table,4846.56,4,0,1422.34
ORD-01947,2023-11-15,CUST-1057,Timothy Duncan,Consumer,South,Office Supplies,Binders,Clip Binder,4283.11,3,0,981.62
ORD-00601,2023-11-16,CUST-1129,Cameron Fisher,Home Office,South,Furniture,Furnishings,Desk Lamp,75429.02,6,0.05,20311.29
ORD-00174,2023-11-17,CUST-1221,Courtney Mills,Home Office,Central,Furniture,Bookcases,Corner Bookcase,142355.44,10,0.2,25955.37
ORD-00570,2023-11-17,CUST-1200,Nathan Freeman,Consumer,South,Office Supplies,Fasteners,Stapler,1389.21,2,0,79.22
ORD-01099,2023-11-17,CUST-1251,Isaiah Avila,Consumer,North,Technology,Machines,Scanner,213751.29,9,0.2,-8817.21
ORD-01721,2023-11-17,CUST-1021,Margaret Hawkins DDS,Consumer,West,Office Supplies,Envelopes,Mailing Envelopes Pack,7553.7,5,0.2,-1661.1
ORD-00100,2023-11-18,CUST-1075,Amy Silva,Consumer,South,Furniture,Bookcases,Corner Bookcase,150613.22,12,0,48460.89
ORD-01870,2023-11-18,CUST-1010,Ryan Munoz,Consumer,East,Furniture,Tables,Coffee Table,22630.3,12,0.2,1478.29
ORD-01452,2023-11-19,CUST-1103,Rebecca Valencia,Home Office,East,Furniture,Furnishings,Wall Clock,73467.28,10,0.2,16601.12
ORD-01979,2023-11-20,CUST-1234,Laura Roberts,Consumer,Central,Furniture,Tables,Coffee Table,39301.01,5,0,9040.68
ORD-00855,2023-11-21,CUST-1056,Michael Lewis,Home Office,North,Furniture,Bookcases,Corner Bookcase,67529.45,7,0.3,-7428.16
ORD-01504,2023-11-21,CUST-1082,Mike Allen,Corporate,South,Furniture,Tables,Study Table,120015.14,10,0.15,-6402.11
ORD-01755,2023-11-21,CUST-1119,Victor Baker,Home Office,North,Office Supplies,Supplies,Glue Stick,8766.26,7,0.1,925.42
ORD-01851,2023-11-21,CUST-1007,Abigail Shaffer,Consumer,South,Furniture,Chairs,Executive Office Chair,60801.22,7,0.1,15655.34
ORD-00661,2023-11-22,CUST-1220,Bailey Duran DDS,Consumer,East,Technology,Machines,Label Maker,160020.69,4,0,54821.73
ORD-01066,2023-11-22,CUST-1102,Cameron Parker,Home Office,North,Technology,Copiers,Desktop Copier,256363.68,5,0.05,34551.15
ORD-01316,2023-11-22,CUST-1005,Cristian Santos,Corporate,Central,Office Supplies,Labels,Label Roll,161.66,3,0.05,35.06
ORD-01052,2023-11-23,CUST-1021,Margaret Hawkins DDS,Consumer,East,Office Supplies,Supplies,Tape Dispenser,3493.28,2,0,944.56
ORD-00056,2023-11-25,CUST-1204,Joseph Coleman,Consumer,North,Technology,Copiers,Office Copier Machine,501999.17,11,0,118089.2
ORD-00502,2023-11-25,CUST-1103,Rebecca Valencia,Home Office,Central,Technology,Phones,Smartphone Lite,118492.81,7,0.1,17393.85
ORD-01449,2023-11-25,CUST-1123,April Frost,Corporate,South,Office Supplies,Fasteners,Paper Clips Box,2226.14,3,0.05,176.84
ORD-01881,2023-11-26,CUST-1128,Jason Powell,Home Office,South,Technology,Accessories,Webcam HD,74390.82,8,0.3,-19917.94
ORD-00086,2023-11-27,CUST-1114,Crystal Johnson,Consumer,East,Furniture,Chairs,Executive Office Chair,71048.74,9,0,8588.42
ORD-00513,2023-11-27,CUST-1086,Daniel Baker,Corporate,Central,Technology,Machines,Scanner,203543.38,4,0.05,22151.65
ORD-00330,2023-11-28,CUST-1060,John Daniel,Home Office,Central,Technology,Machines,Scanner,323869.29,7,0.3,-53269.61
ORD-01109,2023-11-28,CUST-1299,Keith Jennings,Corporate,West,Furniture,Furnishings,Office Partition,3944.59,2,0,715.66
ORD-01181,2023-11-29,CUST-1062,Gerald Hensley,Home Office,Central,Furniture,Bookcases,5-Shelf Bookcase,41438.41,5,0,2754.57
ORD-01905,2023-11-29,CUST-1222,Jeremy Dalton,Home Office,West,Technology,Copiers,Desktop Copier,182642.92,6,0,33693.32
ORD-00279,2023-11-30,CUST-1187,Jonathan Peterson,Consumer,North,Furniture,Furnishings,Wall Clock,104647.84,9,0.15,18069.6
ORD-01968,2023-11-30,CUST-1105,Richard Henson,Home Office,South,Technology,Accessories,Webcam HD,236197.39,7,0.1,7369.26
ORD-00565,2023-12-01,CUST-1147,Victoria Larson,Consumer,Central,Furniture,Chairs,Recliner Chair,65222.38,6,0.05,2139.82
ORD-00354,2023-12-02,CUST-1216,Anthony Everett,Corporate,East,Technology,Machines,Scanner,240190.13,12,0,16047.46
ORD-00421,2023-12-02,CUST-1279,Shannon James,Home Office,South,Furniture,Chairs,Folding Chair,18172.73,2,0.3,-6068.11
ORD-00940,2023-12-03,CUST-1152,Pamela Boyd,Corporate,West,Technology,Copiers,Office Copier Machine,24339.55,10,0.1,-1952.88
ORD-01152,2023-12-03,CUST-1191,Debra Morton,Home Office,West,Technology,Machines,Label Maker,369115.65,9,0.1,60544.96
ORD-01942,2023-12-03,CUST-1292,Stephanie Byrd,Consumer,North,Technology,Accessories,Mechanical Keyboard,46802.91,1,0,13776.79
ORD-00181,2023-12-04,CUST-1056,Michael Lewis,Home Office,South,Office Supplies,Art,Whiteboard,2592.63,3,0.3,-393.97
ORD-01555,2023-12-04,CUST-1217,Rodney Morales,Home Office,Central,Technology,Machines,All-in-One Printer,114282.2,5,0,9719.56
ORD-00302,2023-12-06,CUST-1109,Evelyn Galvan,Consumer,West,Office Supplies,Storage,Storage Box,1214.3,3,0,305.15
ORD-00152,2023-12-07,CUST-1196,Allen Rosales,Consumer,Central,Technology,Copiers,Office Copier Machine,33832.73,3,0.05,8957.74
ORD-00263,2023-12-07,CUST-1160,Jamie Smith,Home Office,South,Furniture,Furnishings,Office Partition,49386.69,10,0.1,4185.48
ORD-00424,2023-12-07,CUST-1046,Philip Cannon,Consumer,Central,Furniture,Furnishings,Desk Lamp,7024.77,5,0,1833.51
ORD-01916,2023-12-07,CUST-1255,Cynthia Moore,Home Office,Central,Office Supplies,Binders,View Binder,994.04,4,0,78.73
ORD-00015,2023-12-09,CUST-1161,Paul Castaneda,Home Office,West,Office Supplies,Paper,Sticky Notes Pack,8833.94,10,0.05,1155.19
ORD-00927,2023-12-09,CUST-1043,Sherry Decker,Consumer,South,Office Supplies,Labels,Sticker Sheet,4727.06,5,0,1122.48
ORD-01850,2023-12-09,CUST-1294,Margaret Coleman,Corporate,East,Office Supplies,Fasteners,Push Pins Pack,2973.27,2,0,527.48
ORD-00782,2023-12-10,CUST-1205,Erin Warner,Consumer,North,Office Supplies,Labels,Sticker Sheet,19682.54,10,0.3,-2667.85
ORD-01054,2023-12-11,CUST-1134,Daniel Kennedy,Corporate,Central,Furniture,Furnishings,Wall Clock,8539.69,5,0.15,846.03
ORD-00360,2023-12-13,CUST-1225,Matthew Moore,Home Office,South,Furniture,Furnishings,Wall Clock,29443.4,12,0.3,-2800.44
ORD-00329,2023-12-14,CUST-1178,Michael Wang,Consumer,East,Furniture,Tables,Dining Table,61853.03,7,0,13458.55
ORD-00819,2023-12-14,CUST-1300,Amber Obrien,Consumer,Central,Technology,Phones,Smartphone X200,9803.03,1,0,1958.94
ORD-00838,2023-12-14,CUST-1014,Michele Williams,Consumer,Central,Technology,Machines,All-in-One Printer,49805.6,1,0.2,-46.29
ORD-00750,2023-12-16,CUST-1239,Sara Johnston,Consumer,West,Office Supplies,Supplies,Scissors,3839.81,2,0.2,539.77
ORD-01484,2023-12-16,CUST-1249,Jose Travis,Consumer,West,Technology,Machines,Scanner,213723.48,5,0.2,31545.04
ORD-01596,2023-12-16,CUST-1136,Jose Schultz,Corporate,South,Furniture,Bookcases,5-Shelf Bookcase,140657.49,11,0,32824.38
ORD-01317,2023-12-18,CUST-1195,John Bishop,Corporate,North,Office Supplies,Binders,Ring Binder Set,3286.11,12,0.3,-282.15
ORD-01002,2023-12-20,CUST-1173,Joshua Cooke,Consumer,West,Technology,Accessories,Mechanical Keyboard,69782.69,6,0.1,12086.76
ORD-00482,2023-12-21,CUST-1158,Jason Stein,Home Office,West,Office Supplies,Paper,A4 Paper Ream,10114.89,12,0.3,-2580.43
ORD-01178,2023-12-21,CUST-1016,Brian Ramirez,Corporate,East,Technology,Copiers,Desktop Copier,218941.43,9,0.3,-20204.2
ORD-01719,2023-12-21,CUST-1213,Melissa Martinez,Corporate,East,Technology,Copiers,Desktop Copier,499120.56,11,0,80020.46
ORD-00928,2023-12-22,CUST-1290,Briana Murray,Consumer,West,Technology,Phones,Cordless Phone,534455.19,9,0,87398.74
ORD-01545,2023-12-22,CUST-1293,Jeremy Reed,Home Office,East,Technology,Machines,Laser Printer,329519.49,9,0.1,-4099.54
ORD-01040,2023-12-24,CUST-1107,Sharon Cherry,Consumer,West,Technology,Copiers,Office Copier Machine,685880.83,12,0.15,8896.45
ORD-01935,2023-12-24,CUST-1101,Sandra Aguilar,Home Office,Central,Office Supplies,Paper,A4 Paper Ream,21329.1,11,0.2,-361.01
ORD-00328,2023-12-25,CUST-1203,Elizabeth Perkins,Home Office,West,Office Supplies,Art,Whiteboard,198.53,1,0.1,32.15
ORD-00438,2023-12-26,CUST-1222,Jeremy Dalton,Home Office,Central,Office Supplies,Fasteners,Paper Clips Box,6578.0,5,0.2,-307.36
ORD-00805,2023-12-28,CUST-1128,Jason Powell,Home Office,West,Technology,Copiers,Desktop Copier,179716.08,5,0.2,16027.26
ORD-00178,2023-12-29,CUST-1086,Daniel Baker,Corporate,Central,Furniture,Furnishings,Wall Clock,14253.37,7,0.05,1983.74
ORD-00220,2023-12-30,CUST-1203,Elizabeth Perkins,Home Office,Central,Furniture,Bookcases,Corner Bookcase,2852.07,3,0.05,137.82
ORD-00489,2023-12-31,CUST-1025,Matthew Foster,Home Office,East,Technology,Phones,Smartphone Lite,65363.83,11,0.15,7367.13
ORD-01073,2023-12-31,CUST-1248,Frank Cordova,Home Office,Central,Furniture,Bookcases,Corner Bookcase,118293.01,8,0.05,33410.48
ORD-01597,2023-12-31,CUST-1231,Jessica Stephens,Corporate,West,Furniture,Chairs,Recliner Chair,7305.64,5,0.1,61.38
ORD-01860,2023-12-31,CUST-1299,Keith Jennings,Corporate,South,Office Supplies,Storage,File Organizer,5941.78,11,0,829.41
ORD-00510,2024-01-02,CUST-1211,Christopher Smith,Consumer,East,Furniture,Tables,Study Table,39588.8,4,0,12299.53
ORD-01273,2024-01-02,CUST-1092,Brian Rodriguez,Home Office,South,Office Supplies,Envelopes,Padded Envelopes,13613.44,7,0,787.75
ORD-01415,2024-01-02,CUST-1031,Rebecca Henderson,Corporate,North,Furniture,Furnishings,Office Partition,1644.63,1,0,529.49
ORD-01763,2024-01-02,CUST-1046,Philip Cannon,Consumer,West,Office Supplies,Art,Whiteboard,526.03,3,0.15,-29.29
ORD-00607,2024-01-03,CUST-1160,Jamie Smith,Home Office,Central,Office Supplies,Storage,Storage Box,6002.27,8,0,1232.29
ORD-01111,2024-01-03,CUST-1244,Brandon Bailey MD,Consumer,West,Office Supplies,Art,Marker Set,779.69,2,0.05,84.99
ORD-01552,2024-01-03,CUST-1199,Adam Vaughan,Corporate,East,Furniture,Bookcases,Modern Bookcase,49877.15,4,0.1,3623.56
ORD-00368,2024-01-04,CUST-1235,Michael Lyons,Consumer,West,Furniture,Tables,Study Table,56903.21,9,0.3,-5160.52
ORD-01667,2024-01-04,CUST-1065,Jessica Callahan,Home Office,South,Office Supplies,Envelopes,Padded Envelopes,13942.84,10,0.1,857.36
ORD-01930,2024-01-04,CUST-1004,Daniel Wagner,Home Office,South,Furniture,Chairs,Folding Chair,20471.31,2,0.05,1178.0
ORD-00274,2024-01-05,CUST-1015,Dylan Miller,Home Office,South,Technology,Copiers,Desktop Copier,28568.13,7,0,7466.87
ORD-01162,2024-01-05,CUST-1261,Katie Suarez,Home Office,East,Technology,Copiers,Office Copier Machine,203492.94,4,0.05,18267.22
ORD-01393,2024-01-05,CUST-1233,Christopher Parker,Corporate,Central,Office Supplies,Storage,File Organizer,1712.47,1,0.15,195.64
ORD-00061,2024-01-06,CUST-1295,Ryan Gonzalez,Consumer,East,Office Supplies,Fasteners,Stapler,19061.17,11,0,6160.29
ORD-00425,2024-01-06,CUST-1057,Timothy Duncan,Consumer,East,Furniture,Tables,Dining Table,108688.51,12,0.2,-4842.53
ORD-00546,2024-01-06,CUST-1050,Eric Carney,Corporate,East,Office Supplies,Art,Sketch Pad,9078.82,8,0.2,-975.43
ORD-01904,2024-01-06,CUST-1219,Justin Torres,Corporate,West,Office Supplies,Fasteners,Push Pins Pack,19627.0,10,0,3155.5
ORD-01377,2024-01-07,CUST-1134,Daniel Kennedy,Corporate,East,Technology,Phones,Smartphone Lite,372595.6,9,0.05,45041.97
ORD-01511,2024-01-07,CUST-1278,Marie Christian,Corporate,South,Office Supplies,Supplies,Scissors,11236.09,11,0,1168.14
ORD-01913,2024-01-07,CUST-1251,Isaiah Avila,Consumer,Central,Furniture,Furnishings,Office Partition,3694.22,4,0,211.01
ORD-00402,2024-01-08,CUST-1019,Lisa Jackson,Consumer,North,Technology,Machines,Label Maker,319052.91,7,0,43981.38
ORD-01437,2024-01-08,CUST-1296,John Young,Corporate,Central,Office Supplies,Art,Whiteboard,1474.88,1,0,89.72
ORD-00553,2024-01-09,CUST-1203,Elizabeth Perkins,Home Office,East,Furniture,Tables,Study Table,3266.63,1,0.05,889.31
ORD-01603,2024-01-09,CUST-1101,Sandra Aguilar,Home Office,West,Office Supplies,Binders,Ring Binder Set,476.7,6,0,94.62
ORD-00499,2024-01-10,CUST-1148,Stephanie Salazar,Home Office,Central,Office Supplies,Binders,Ring Binder Set,5548.52,6,0.1,676.95
ORD-00487,2024-01-11,CUST-1298,William Barrett,Corporate,West,Office Supplies,Envelopes,Padded Envelopes,18042.16,11,0.15,766.22
ORD-00711,2024-01-11,CUST-1271,Jasmin Alvarado,Consumer,Central,Technology,Accessories,USB-C Hub,22030.8,4,0,1372.78
ORD-01249,2024-01-11,CUST-1125,Helen Jones,Corporate,Central,Furniture,Chairs,Recliner Chair,13510.14,1,0,4653.97
ORD-00850,2024-01-12,CUST-1119,Victor Baker,Home Office,West,Technology,Phones,Smartphone Lite,422796.31,8,0.15,55669.83
ORD-00851,2024-01-12,CUST-1248,Frank Cordova,Home Office,Central,Furniture,Furnishings,Wall Clock,35021.85,4,0.05,8319.57
ORD-00941,2024-01-13,CUST-1150,Stephanie Manning,Home Office,East,Office Supplies,Storage,Plastic Drawer Unit,14884.01,11,0,4065.12
ORD-01298,2024-01-14,CUST-1288,Carolyn Miller,Corporate,East,Technology,Accessories,Webcam HD,169636.87,3,0,34483.52
ORD-01874,2024-01-15,CUST-1093,Denise Jacobs,Consumer,Central,Technology,Phones,Smartphone Lite,107948.94,3,0.2,9405.72
ORD-00096,2024-01-17,CUST-1122,Kenneth Scott,Home Office,West,Office Supplies,Fasteners,Push Pins Pack,15455.05,8,0.3,1746.23
ORD-01657,2024-01-17,CUST-1282,Tammie Bright,Home Office,West,Office Supplies,Fasteners,Paper Clips Box,20857.41,12,0.15,-786.13
ORD-00064,2024-01-20,CUST-1272,Veronica Simpson,Consumer,Central,Technology,Accessories,USB-C Hub,143359.56,8,0,27309.91
ORD-01269,2024-01-20,CUST-1008,Gina Moore,Consumer,East,Office Supplies,Supplies,Scissors,16173.62,11,0,1161.69
ORD-01326,2024-01-21,CUST-1230,Lori Guerrero,Corporate,North,Furniture,Chairs,Executive Office Chair,64274.43,6,0,11092.23
ORD-01781,2024-01-21,CUST-1119,Victor Baker,Home Office,North,Office Supplies,Storage,File Organizer,872.16,1,0,269.42
ORD-00429,2024-01-22,CUST-1018,Derek Zuniga,Consumer,North,Office Supplies,Supplies,Tape Dispenser,8323.11,6,0,2239.38
ORD-01159,2024-01-22,CUST-1183,Angela Vaughn,Home Office,Central,Furniture,Chairs,Mesh Task Chair,26435.28,5,0,6194.02
ORD-00069,2024-01-23,CUST-1279,Shannon James,Home Office,East,Furniture,Furnishings,Wall Clock,58156.0,4,0,14470.99
ORD-01390,2024-01-23,CUST-1288,Carolyn Miller,Corporate,South,Technology,Copiers,Desktop Copier,114309.31,5,0.2,-14128.06
ORD-00210,2024-01-24,CUST-1081,Kelly Donovan,Consumer,East,Furniture,Chairs,Mesh Task Chair,94535.53,12,0.05,1947.02
ORD-01148,2024-01-24,CUST-1027,Justin Baker,Home Office,Central,Office Supplies,Paper,Sticky Notes Pack,10714.51,8,0,3745.72
ORD-00547,2024-01-25,CUST-1096,Anna Henderson,Consumer,West,Office Supplies,Envelopes,Mailing Envelopes Pack,1359.35,1,0,447.5
ORD-00653,2024-01-25,CUST-1030,Anthony Rodriguez,Home Office,West,Technology,Accessories,Mechanical Keyboard,390749.17,8,0,101298.37
ORD-00194,2024-01-26,CUST-1233,Christopher Parker,Corporate,West,Technology,Phones,Smartphone X200,458399.77,12,0,132341.56
ORD-00633,2024-01-26,CUST-1040,Brittany Farmer,Corporate,North,Office Supplies,Labels,Sticker Sheet,867.02,8,0,62.39
ORD-00641,2024-01-26,CUST-1023,Ethan Adams,Home Office,North,Furniture,Furnishings,Wall Clock,77438.52,10,0,9724.89
ORD-00784,2024-01-26,CUST-1276,Matthew Moore,Corporate,North,Office Supplies,Binders,Clip Binder,168.58,1,0.15,10.56
ORD-01522,2024-01-26,CUST-1294,Margaret Coleman,Corporate,South,Furniture,Bookcases,5-Shelf Bookcase,10354.83,2,0.2,-153.43
ORD-00918,2024-01-27,CUST-1130,Megan Orr,Home Office,West,Technology,Machines,Laser Printer,160257.68,9,0.3,-30994.64
ORD-00121,2024-01-29,CUST-1264,Diane Evans,Home Office,Central,Furniture,Bookcases,5-Shelf Bookcase,18212.54,8,0,2496.28
ORD-00154,2024-01-30,CUST-1048,Shane Henderson,Consumer,Central,Office Supplies,Art,Marker Set,491.52,5,0,52.32
ORD-00066,2024-01-31,CUST-1056,Michael Lewis,Home Office,South,Technology,Phones,Cordless Phone,40740.57,10,0.1,7459.77
ORD-01949,2024-01-31,CUST-1003,Angie Henderson,Consumer,South,Furniture,Tables,Coffee Table,57530.41,8,0,7827.72
ORD-00975,2024-02-01,CUST-1213,Melissa Martinez,Corporate,South,Technology,Accessories,Mechanical Keyboard,401358.69,9,0,64024.9
ORD-01132,2024-02-03,CUST-1074,Lauren Daniels,Consumer,North,Office Supplies,Envelopes,Mailing Envelopes Pack,5754.72,7,0.05,1119.62
ORD-01168,2024-02-03,CUST-1173,Joshua Cooke,Consumer,North,Furniture,Furnishings,Office Partition,14241.58,4,0.1,1001.21
ORD-01747,2024-02-03,CUST-1298,William Barrett,Corporate,East,Office Supplies,Supplies,Tape Dispenser,1584.04,3,0.2,-296.05
ORD-00301,2024-02-04,CUST-1006,Connie Lawrence,Consumer,Central,Office Supplies,Storage,Storage Box,1083.56,1,0,153.22
ORD-01112,2024-02-04,CUST-1286,Elaine Brooks,Corporate,East,Technology,Phones,Smartphone Lite,337120.95,10,0,47231.63
ORD-01401,2024-02-04,CUST-1004,Daniel Wagner,Home Office,West,Furniture,Chairs,Recliner Chair,88213.19,9,0,19610.52
ORD-01742,2024-02-05,CUST-1111,Richard Rodriguez,Corporate,West,Office Supplies,Binders,View Binder,922.4,2,0.15,20.47
ORD-00254,2024-02-06,CUST-1288,Carolyn Miller,Corporate,Central,Office Supplies,Fasteners,Paper Clips Box,21746.5,11,0.15,4224.81
ORD-00821,2024-02-06,CUST-1016,Brian Ramirez,Corporate,South,Technology,Phones,Smartphone Pro Max,268467.69,7,0.05,21174.78
ORD-01519,2024-02-06,CUST-1194,Angelica Keith,Corporate,Central,Office Supplies,Labels,Label Roll,15802.85,10,0.3,-2182.75
ORD-00058,2024-02-07,CUST-1221,Courtney Mills,Home Office,South,Furniture,Furnishings,Office Partition,131906.86,11,0.2,11574.45
ORD-00638,2024-02-07,CUST-1123,April Frost,Corporate,South,Furniture,Chairs,Folding Chair,14844.71,1,0,1724.52
ORD-01278,2024-02-07,CUST-1138,Courtney Gonzalez,Consumer,East,Furniture,Furnishings,Wall Clock,62139.72,10,0.1,1929.08
ORD-01965,2024-02-07,CUST-1098,Deborah Figueroa,Corporate,East,Technology,Phones,Cordless Phone,296965.75,7,0.05,36364.36
ORD-00484,2024-02-09,CUST-1046,Philip Cannon,Consumer,North,Technology,Machines,Scanner,128105.24,3,0,14063.04
ORD-01143,2024-02-09,CUST-1154,Devon Flores,Home Office,East,Furniture,Bookcases,Corner Bookcase,45518.06,4,0,8420.03
ORD-00131,2024-02-11,CUST-1161,Paul Castaneda,Home Office,South,Technology,Machines,Label Maker,476731.16,11,0.1,78086.92
ORD-01355,2024-02-11,CUST-1136,Jose Schultz,Corporate,Central,Technology,Accessories,Webcam HD,319064.33,12,0.2,-5606.41
ORD-01149,2024-02-13,CUST-1170,Daniel Murphy,Corporate,West,Office Supplies,Fasteners,Stapler,3724.23,3,0.1,425.05
ORD-01822,2024-02-13,CUST-1252,Olivia Harris,Consumer,East,Office Supplies,Binders,View Binder,2766.53,6,0.1,316.0
ORD-01251,2024-02-14,CUST-1177,Michael Elliott,Home Office,West,Office Supplies,Paper,A4 Paper Ream,214.54,1,0,60.06
ORD-00277,2024-02-15,CUST-1207,Bryan Herrera,Corporate,South,Furniture,Furnishings,Wall Clock,69974.29,10,0,24085.24
ORD-01925,2024-02-15,CUST-1008,Gina Moore,Consumer,South,Technology,Accessories,USB-C Hub,478447.51,8,0,112997.24
ORD-00017,2024-02-16,CUST-1090,Aimee Montoya,Consumer,Central,Office Supplies,Fasteners,Paper Clips Box,3925.46,9,0.15,189.1
ORD-00785,2024-02-17,CUST-1139,David Alvarez,Consumer,South,Furniture,Furnishings,Desk Lamp,15390.97,3,0.2,114.26
ORD-01133,2024-02-17,CUST-1241,Andrew Avila,Home Office,North,Office Supplies,Art,Whiteboard,759.85,12,0.15,60.62
ORD-00670,2024-02-18,CUST-1296,John Young,Corporate,North,Technology,Phones,Smartphone Lite,135678.81,7,0,27939.72
ORD-01785,2024-02-18,CUST-1007,Abigail Shaffer,Consumer,South,Technology,Phones,Smartphone Pro Max,76669.54,3,0.1,5415.8
ORD-01941,2024-02-18,CUST-1195,John Bishop,Corporate,Central,Furniture,Tables,Dining Table,97625.53,9,0.05,23487.49
ORD-00025,2024-02-19,CUST-1245,Shannon Rivera,Consumer,North,Technology,Machines,Scanner,309103.57,7,0.05,48783.37
ORD-00172,2024-02-19,CUST-1087,Shirley Suarez,Home Office,South,Technology,Machines,Label Maker,82258.25,8,0.1,11316.86
ORD-01053,2024-02-19,CUST-1103,Rebecca Valencia,Home Office,West,Technology,Copiers,Desktop Copier,502827.7,12,0.2,1876.94
ORD-01605,2024-02-19,CUST-1290,Briana Murray,Consumer,North,Office Supplies,Supplies,Scissors,2832.52,11,0.1,7.53
ORD-00536,2024-02-20,CUST-1155,Brenda Hall,Corporate,West,Office Supplies,Labels,Label Roll,3207.02,9,0.3,-270.26
ORD-01955,2024-02-20,CUST-1012,Jamie Arnold,Home Office,Central,Furniture,Furnishings,Wall Clock,134771.51,12,0,41178.95
ORD-00300,2024-02-21,CUST-1203,Elizabeth Perkins,Home Office,North,Technology,Accessories,Mechanical Keyboard,143601.59,3,0.1,39294.09
ORD-00373,2024-02-21,CUST-1041,Paula Moreno,Corporate,North,Technology,Machines,Scanner,52473.89,7,0,12602.45
ORD-01569,2024-02-21,CUST-1255,Cynthia Moore,Home Office,North,Office Supplies,Supplies,Glue Stick,19463.55,12,0,6735.97
ORD-01985,2024-02-21,CUST-1103,Rebecca Valencia,Home Office,North,Furniture,Chairs,Executive Office Chair,12562.63,12,0.05,284.19
ORD-01483,2024-02-22,CUST-1169,Joel Williams,Corporate,East,Furniture,Chairs,Recliner Chair,11643.11,3,0,1811.57
ORD-00013,2024-02-23,CUST-1020,Carla Gray,Consumer,West,Furniture,Tables,Dining Table,29551.61,6,0,7329.09
ORD-01517,2024-02-23,CUST-1099,Jessica Smith,Corporate,South,Office Supplies,Binders,View Binder,5345.96,9,0.1,226.46
ORD-01859,2024-02-25,CUST-1127,Michelle Evans,Consumer,West,Furniture,Furnishings,Desk Lamp,17460.74,2,0.2,1594.99
ORD-01878,2024-02-25,CUST-1207,Bryan Herrera,Corporate,East,Technology,Phones,Cordless Phone,188705.42,8,0.05,49281.62
ORD-00167,2024-02-26,CUST-1072,Whitney Peters,Corporate,North,Office Supplies,Labels,Label Roll,1388.75,2,0.2,243.59
ORD-00715,2024-02-26,CUST-1288,Carolyn Miller,Corporate,West,Technology,Machines,All-in-One Printer,103326.93,3,0,32418.46
ORD-00837,2024-02-26,CUST-1254,Barbara Dudley,Consumer,North,Technology,Copiers,Office Copier Machine,22945.82,1,0,5693.33
ORD-00913,2024-02-26,CUST-1093,Denise Jacobs,Consumer,West,Furniture,Bookcases,Corner Bookcase,72040.2,7,0.2,-5459.77
ORD-00726,2024-02-27,CUST-1058,Richard Aguirre,Corporate,West,Furniture,Chairs,Mesh Task Chair,28737.53,2,0.15,-3678.19
ORD-01854,2024-02-27,CUST-1096,Anna Henderson,Consumer,North,Office Supplies,Art,Sketch Pad,10483.09,7,0.2,-1219.71
ORD-00730,2024-02-28,CUST-1181,Alexander Collins,Home Office,East,Technology,Copiers,Office Copier Machine,434688.77,12,0,126338.93
ORD-00890,2024-02-29,CUST-1243,Kevin Walters,Home Office,East,Technology,Machines,Laser Printer,573349.99,10,0.1,74201.06
ORD-00815,2024-03-01,CUST-1055,Shannon Jones,Corporate,West,Technology,Copiers,Desktop Copier,7471.55,1,0.1,-409.57
ORD-01487,2024-03-01,CUST-1140,Angel Perry,Home Office,Central,Technology,Accessories,Webcam HD,423992.76,8,0.15,-37390.17
ORD-01585,2024-03-01,CUST-1193,Debra Christian,Home Office,South,Office Supplies,Supplies,Tape Dispenser,747.2,3,0.2,-31.03
ORD-01130,2024-03-02,CUST-1229,Michael Bradshaw,Home Office,South,Furniture,Chairs,Executive Office Chair,75811.14,7,0.2,4172.42
ORD-01816,2024-03-02,CUST-1269,Cynthia Rowe,Corporate,West,Technology,Copiers,Desktop Copier,108187.87,5,0.15,3854.68
ORD-00385,2024-03-03,CUST-1016,Brian Ramirez,Corporate,Central,Technology,Accessories,Mechanical Keyboard,237112.96,6,0.2,-6967.24
ORD-01254,2024-03-03,CUST-1258,Kathleen Moran,Home Office,South,Furniture,Chairs,Mesh Task Chair,53551.94,10,0,17865.09
ORD-01813,2024-03-03,CUST-1099,Jessica Smith,Corporate,Central,Furniture,Chairs,Folding Chair,10257.88,3,0,2279.09
ORD-00745,2024-03-04,CUST-1123,April Frost,Corporate,South,Office Supplies,Paper,A4 Paper Ream,16133.58,10,0,4515.71
ORD-01680,2024-03-04,CUST-1114,Crystal Johnson,Consumer,East,Office Supplies,Binders,Clip Binder,16642.81,10,0.2,-722.42
ORD-01997,2024-03-04,CUST-1169,Joel Williams,Corporate,West,Office Supplies,Art,Whiteboard,3830.77,2,0.15,699.43
ORD-00184,2024-03-06,CUST-1201,Melissa Brewer,Consumer,Central,Furniture,Bookcases,Corner Bookcase,75614.07,8,0.1,16377.1
ORD-00227,2024-03-06,CUST-1182,Tina Sanders,Corporate,South,Furniture,Tables,Coffee Table,127387.02,12,0.15,22257.91
ORD-01039,2024-03-06,CUST-1132,Dustin Jordan,Home Office,South,Technology,Phones,Smartphone Pro Max,138789.72,5,0.05,43718.15
ORD-01020,2024-03-07,CUST-1230,Lori Guerrero,Corporate,North,Office Supplies,Paper,Sticky Notes Pack,6555.28,4,0.05,1711.82
ORD-01173,2024-03-07,CUST-1288,Carolyn Miller,Corporate,East,Furniture,Tables,Conference Table,74005.33,11,0.3,-9824.65
ORD-01653,2024-03-07,CUST-1227,Kirk Carter,Corporate,East,Furniture,Furnishings,Office Partition,26600.59,12,0.15,1147.92
ORD-01714,2024-03-07,CUST-1294,Margaret Coleman,Corporate,East,Technology,Phones,Smartphone Lite,278585.03,6,0.05,27996.92
ORD-00691,2024-03-08,CUST-1093,Denise Jacobs,Consumer,East,Office Supplies,Envelopes,Padded Envelopes,10368.6,10,0,2563.83
ORD-01473,2024-03-08,CUST-1125,Helen Jones,Corporate,West,Furniture,Chairs,Executive Office Chair,11732.55,9,0.1,90.7
ORD-00448,2024-03-09,CUST-1055,Shannon Jones,Corporate,East,Technology,Phones,Smartphone Pro Max,29174.25,12,0.05,4919.37
ORD-00967,2024-03-09,CUST-1010,Ryan Munoz,Consumer,North,Furniture,Bookcases,Corner Bookcase,12760.1,3,0.15,467.88
ORD-01388,2024-03-09,CUST-1217,Rodney Morales,Home Office,East,Furniture,Chairs,Executive Office Chair,68181.49,11,0,17810.63
ORD-00559,2024-03-10,CUST-1214,Katherine Salas,Home Office,East,Technology,Accessories,Mechanical Keyboard,27228.28,5,0,2990.9
ORD-00817,2024-03-10,CUST-1263,Timothy Romero,Home Office,North,Furniture,Tables,Coffee Table,120213.85,11,0,16048.79
ORD-01239,2024-03-10,CUST-1204,Joseph Coleman,Consumer,Central,Furniture,Chairs,Folding Chair,31293.5,3,0.05,1446.02
ORD-01277,2024-03-10,CUST-1196,Allen Rosales,Consumer,Central,Technology,Copiers,Desktop Copier,10324.8,1,0,2927.22
ORD-01451,2024-03-10,CUST-1289,Lisa Allen,Consumer,East,Technology,Machines,Scanner,376084.77,7,0.1,45976.2
ORD-01113,2024-03-11,CUST-1006,Connie Lawrence,Consumer,East,Furniture,Chairs,Executive Office Chair,91401.41,9,0,13331.7
ORD-00232,2024-03-12,CUST-1291,David Smith,Consumer,North,Furniture,Bookcases,Modern Bookcase,39099.51,4,0.15,6369.45
ORD-01958,2024-03-12,CUST-1057,Timothy Duncan,Consumer,West,Technology,Phones,Smartphone X200,176419.11,4,0,23949.31
ORD-00193,2024-03-15,CUST-1251,Isaiah Avila,Consumer,South,Office Supplies,Fasteners,Push Pins Pack,11153.14,7,0,1905.57
ORD-01042,2024-03-15,CUST-1073,Brittney Phillips,Consumer,West,Furniture,Furnishings,Wall Clock,64757.09,10,0,16052.99
ORD-01982,2024-03-15,CUST-1276,Matthew Moore,Corporate,East,Technology,Accessories,Webcam HD,5016.43,11,0,282.11
ORD-00123,2024-03-16,CUST-1259,Denise Davenport,Corporate,West,Furniture,Tables,Coffee Table,1232.84,1,0.3,-20.62
ORD-00956,2024-03-16,CUST-1214,Katherine Salas,Home Office,North,Technology,Phones,Smartphone Pro Max,51923.03,6,0.1,-3353.71
ORD-01124,2024-03-16,CUST-1002,Noah Rhodes,Consumer,North,Furniture,Bookcases,Corner Bookcase,112431.12,8,0.2,-49.65
ORD-01668,2024-03-16,CUST-1120,Jeffrey Chandler,Corporate,South,Furniture,Bookcases,Corner Bookcase,17063.08,4,0,3280.88
ORD-00877,2024-03-17,CUST-1191,Debra Morton,Home Office,Central,Office Supplies,Paper,Sticky Notes Pack,6187.95,4,0.3,-977.69
ORD-01665,2024-03-18,CUST-1271,Jasmin Alvarado,Consumer,West,Furniture,Furnishings,Desk Lamp,71863.37,9,0.2,3691.04
ORD-00351,2024-03-19,CUST-1128,Jason Powell,Home Office,South,Office Supplies,Envelopes,Padded Envelopes,1977.33,4,0.1,21.97
ORD-00552,2024-03-19,CUST-1060,John Daniel,Home Office,North,Furniture,Furnishings,Wall Clock,76485.94,12,0.3,-19358.57
ORD-00575,2024-03-19,CUST-1136,Jose Schultz,Corporate,Central,Technology,Copiers,Office Copier Machine,354307.22,12,0,33058.23
ORD-01060,2024-03-19,CUST-1152,Pamela Boyd,Corporate,Central,Technology,Machines,All-in-One Printer,146174.8,7,0,36025.17
ORD-01171,2024-03-19,CUST-1136,Jose Schultz,Corporate,North,Office Supplies,Art,Marker Set,3224.08,4,0.2,-164.08
ORD-01358,2024-03-19,CUST-1107,Sharon Cherry,Consumer,West,Technology,Accessories,Webcam HD,75245.96,12,0.15,5895.13
ORD-01029,2024-03-20,CUST-1022,Patty Perez,Home Office,West,Furniture,Tables,Conference Table,23743.67,11,0,2493.27
ORD-01080,2024-03-21,CUST-1080,Lisa Barnes,Corporate,Central,Furniture,Tables,Dining Table,6513.34,3,0.05,50.66
ORD-01082,2024-03-21,CUST-1010,Ryan Munoz,Consumer,Central,Technology,Copiers,Desktop Copier,275790.25,11,0.05,52802.46
ORD-00407,2024-03-22,CUST-1292,Stephanie Byrd,Consumer,Central,Furniture,Tables,Study Table,75542.8,6,0.3,-4118.54
ORD-00596,2024-03-22,CUST-1057,Timothy Duncan,Consumer,East,Office Supplies,Supplies,Scissors,12158.17,9,0,846.31
ORD-01098,2024-03-22,CUST-1042,Fred Smith,Consumer,West,Furniture,Chairs,Executive Office Chair,5585.87,10,0,1518.87
ORD-01376,2024-03-22,CUST-1226,Benjamin Smith,Corporate,West,Office Supplies,Fasteners,Push Pins Pack,722.11,2,0.1,6.73
ORD-01570,2024-03-22,CUST-1070,William Baker,Home Office,Central,Office Supplies,Fasteners,Paper Clips Box,19953.45,11,0,4646.71
ORD-00370,2024-03-24,CUST-1001,Allison Hill,Home Office,North,Technology,Phones,Smartphone Lite,295341.74,5,0.15,-41873.72
ORD-01411,2024-03-24,CUST-1082,Mike Allen,Corporate,South,Office Supplies,Storage,Plastic Drawer Unit,679.95,1,0.15,-45.47
ORD-00239,2024-03-25,CUST-1242,Matthew Moon,Consumer,West,Office Supplies,Fasteners,Stapler,19506.03,11,0.15,473.65
ORD-00833,2024-03-25,CUST-1246,Donna Landry,Consumer,North,Office Supplies,Paper,A4 Paper Ream,7082.03,5,0.15,817.82
ORD-00742,2024-03-26,CUST-1257,Susan Murray MD,Corporate,South,Technology,Copiers,Office Copier Machine,18340.73,3,0,3680.12
ORD-01003,2024-03-26,CUST-1039,Elizabeth Fowler,Corporate,South,Furniture,Chairs,Folding Chair,13067.99,5,0,4265.1
ORD-01924,2024-03-26,CUST-1056,Michael Lewis,Home Office,East,Office Supplies,Labels,Sticker Sheet,14862.16,8,0.2,-1449.99
ORD-00376,2024-03-28,CUST-1135,Rebecca Jackson,Home Office,North,Technology,Copiers,Desktop Copier,36381.24,3,0.05,5220.57
ORD-00906,2024-03-28,CUST-1243,Kevin Walters,Home Office,South,Technology,Machines,Label Maker,145762.77,8,0.05,30451.1
ORD-01542,2024-03-28,CUST-1274,Shelly Alexander,Corporate,West,Furniture,Bookcases,Modern Bookcase,5012.61,2,0,767.07
ORD-01768,2024-03-28,CUST-1143,Patricia Rodriguez,Consumer,North,Office Supplies,Supplies,Tape Dispenser,2985.72,9,0.15,-397.19
ORD-00107,2024-03-30,CUST-1226,Benjamin Smith,Corporate,West,Technology,Accessories,Webcam HD,665776.02,12,0,178510.79
ORD-00503,2024-03-30,CUST-1183,Angela Vaughn,Home Office,West,Office Supplies,Envelopes,Padded Envelopes,2105.21,9,0.1,260.46
ORD-01746,2024-03-30,CUST-1211,Christopher Smith,Consumer,South,Furniture,Tables,Study Table,7401.7,7,0.2,150.8
ORD-00420,2024-03-31,CUST-1212,Denise Mccann,Home Office,South,Office Supplies,Art,Whiteboard,2083.84,3,0.2,204.68
ORD-00874,2024-03-31,CUST-1068,Carol Tucker,Consumer,East,Furniture,Chairs,Executive Office Chair,98735.73,9,0,26934.67
ORD-01365,2024-04-01,CUST-1069,James Brown,Consumer,East,Office Supplies,Paper,Sticky Notes Pack,1424.1,1,0,110.64
ORD-01475,2024-04-01,CUST-1030,Anthony Rodriguez,Home Office,Central,Technology,Copiers,Desktop Copier,285695.37,10,0,41182.79
ORD-01778,2024-04-01,CUST-1025,Matthew Foster,Home Office,East,Furniture,Furnishings,Desk Lamp,6245.29,1,0.15,-758.4
ORD-00246,2024-04-02,CUST-1020,Carla Gray,Consumer,West,Technology,Accessories,Wireless Mouse,196013.83,12,0.15,34254.89
ORD-01529,2024-04-02,CUST-1145,Amber Wright,Consumer,West,Office Supplies,Fasteners,Push Pins Pack,902.14,2,0,75.36
ORD-01837,2024-04-02,CUST-1199,Adam Vaughan,Corporate,Central,Furniture,Chairs,Executive Office Chair,71991.82,8,0,11971.28
ORD-00514,2024-04-03,CUST-1116,Diana May,Home Office,Central,Office Supplies,Paper,Printer Paper Bulk,1531.94,10,0.3,-116.52
ORD-00045,2024-04-04,CUST-1140,Angel Perry,Home Office,Central,Office Supplies,Supplies,Glue Stick,2948.75,2,0.1,-44.62
ORD-00722,2024-04-04,CUST-1052,Danny Morgan,Corporate,Central,Furniture,Chairs,Executive Office Chair,42475.04,7,0,3808.05
ORD-00781,2024-04-04,CUST-1019,Lisa Jackson,Consumer,Central,Office Supplies,Binders,Clip Binder,18294.14,11,0.2,2049.7
ORD-01537,2024-04-04,CUST-1091,Matthew Mcmillan,Home Office,West,Technology,Phones,Smartphone Lite,405428.76,7,0,43365.3
ORD-00897,2024-04-05,CUST-1214,Katherine Salas,Home Office,North,Furniture,Tables,Study Table,52394.65,12,0.05,11063.26
ORD-01064,2024-04-05,CUST-1238,David Davis,Corporate,West,Technology,Accessories,Mechanical Keyboard,304199.41,12,0,87146.92
ORD-01226,2024-04-05,CUST-1118,Ashley Waller,Consumer,East,Technology,Accessories,USB-C Hub,218850.19,4,0,41789.36
ORD-01342,2024-04-05,CUST-1047,John Pierce,Corporate,North,Furniture,Furnishings,Office Partition,44210.34,10,0,8356.1
ORD-01961,2024-04-05,CUST-1265,Yvonne Burns,Home Office,East,Technology,Machines,Scanner,97987.62,2,0,7580.63
ORD-01980,2024-04-05,CUST-1242,Matthew Moon,Consumer,Central,Furniture,Bookcases,Corner Bookcase,58277.35,4,0.2,4088.94
ORD-01641,2024-04-09,CUST-1133,Mary Marshall,Home Office,North,Technology,Phones,Smartphone X200,9911.57,1,0.1,-160.1
ORD-00983,2024-04-10,CUST-1232,Susan Serrano,Home Office,South,Technology,Machines,Scanner,78861.98,2,0.15,-4550.55
ORD-01701,2024-04-10,CUST-1087,Shirley Suarez,Home Office,East,Technology,Accessories,Webcam HD,61366.15,4,0,4736.97
ORD-00880,2024-04-12,CUST-1003,Angie Henderson,Consumer,East,Office Supplies,Art,Whiteboard,10487.82,8,0.15,429.6
ORD-01607,2024-04-13,CUST-1028,Stephanie Ross,Home Office,South,Furniture,Bookcases,Corner Bookcase,9489.52,3,0,884.62
ORD-00024,2024-04-14,CUST-1170,Daniel Murphy,Corporate,Central,Technology,Copiers,Desktop Copier,94207.06,4,0,28923.41
ORD-01142,2024-04-14,CUST-1086,Daniel Baker,Corporate,Central,Technology,Accessories,Wireless Mouse,238737.84,4,0,55224.53
ORD-00391,2024-04-16,CUST-1008,Gina Moore,Consumer,East,Technology,Accessories,Mechanical Keyboard,222592.25,4,0.3,-34206.57
ORD-00577,2024-04-16,CUST-1057,Timothy Duncan,Consumer,North,Technology,Machines,Laser Printer,202289.41,9,0.1,17274.83
ORD-01629,2024-04-16,CUST-1013,Lisa Hensley,Home Office,North,Furniture,Tables,Study Table,23203.82,9,0,2555.93
ORD-00260,2024-04-18,CUST-1292,Stephanie Byrd,Consumer,West,Furniture,Bookcases,Modern Bookcase,35383.94,3,0,5096.14
ORD-01572,2024-04-18,CUST-1268,Colin Terry,Corporate,East,Technology,Accessories,USB-C Hub,394041.31,7,0.1,36196.5
ORD-01047,2024-04-19,CUST-1082,Mike Allen,Corporate,Central,Office Supplies,Supplies,Tape Dispenser,9763.63,5,0,3151.26
ORD-01587,2024-04-19,CUST-1003,Angie Henderson,Consumer,East,Furniture,Bookcases,5-Shelf Bookcase,15227.99,9,0.2,-3132.36
ORD-00808,2024-04-20,CUST-1237,Andrew Reynolds,Consumer,North,Office Supplies,Binders,Clip Binder,1237.46,2,0.05,223.29
ORD-01709,2024-04-20,CUST-1059,Brent Jordan,Consumer,North,Office Supplies,Fasteners,Paper Clips Box,3500.27,12,0.05,770.66
ORD-00604,2024-04-21,CUST-1120,Jeffrey Chandler,Corporate,Central,Office Supplies,Binders,Clip Binder,8736.12,7,0,1326.89
ORD-01121,2024-04-22,CUST-1143,Patricia Rodriguez,Consumer,East,Office Supplies,Envelopes,Mailing Envelopes Pack,15444.2,10,0.1,-179.28
ORD-01189,2024-04-22,CUST-1297,Laura Haney,Consumer,East,Technology,Accessories,Wireless Mouse,468069.07,12,0,80350.37
ORD-01256,2024-04-22,CUST-1074,Lauren Daniels,Consumer,North,Office Supplies,Labels,Label Roll,11006.95,11,0.3,-413.54
ORD-00574,2024-04-23,CUST-1042,Fred Smith,Consumer,North,Furniture,Furnishings,Desk Lamp,28914.99,8,0.2,655.87
ORD-00868,2024-04-23,CUST-1121,Larry Dixon,Corporate,North,Technology,Machines,All-in-One Printer,324634.66,7,0.15,-7462.01
ORD-01804,2024-04-23,CUST-1037,Sherri Baker,Consumer,East,Office Supplies,Supplies,Glue Stick,2601.33,6,0.05,739.64
ORD-01325,2024-04-24,CUST-1284,Shelia Wallace,Consumer,South,Furniture,Furnishings,Wall Clock,57849.71,5,0,12340.03
ORD-01883,2024-04-25,CUST-1052,Danny Morgan,Corporate,West,Office Supplies,Storage,File Organizer,12395.04,10,0,2163.98
ORD-00049,2024-04-26,CUST-1028,Stephanie Ross,Home Office,South,Office Supplies,Labels,Sticker Sheet,6036.48,11,0,1981.79
ORD-01156,2024-04-28,CUST-1243,Kevin Walters,Home Office,North,Technology,Machines,Laser Printer,263913.09,5,0.2,11998.39
ORD-01733,2024-04-28,CUST-1242,Matthew Moon,Consumer,Central,Furniture,Furnishings,Office Partition,100315.59,7,0,15360.52
ORD-00068,2024-04-29,CUST-1051,Jessica Holmes,Home Office,West,Office Supplies,Envelopes,Padded Envelopes,900.5,1,0.05,249.14
ORD-00763,2024-04-29,CUST-1124,Michelle Harmon,Consumer,North,Technology,Phones,Smartphone X200,22652.02,1,0.15,-1548.2
ORD-01725,2024-04-29,CUST-1105,Richard Henson,Home Office,East,Office Supplies,Storage,Plastic Drawer Unit,9156.2,9,0.3,1730.54
ORD-00366,2024-05-01,CUST-1189,Madison Poole,Consumer,North,Office Supplies,Fasteners,Push Pins Pack,174.31,1,0.05,53.74
ORD-01501,2024-05-01,CUST-1259,Denise Davenport,Corporate,West,Office Supplies,Binders,Ring Binder Set,11783.05,9,0,2600.8
ORD-01514,2024-05-01,CUST-1026,Judy Baker,Consumer,North,Technology,Phones,Smartphone Pro Max,239684.42,5,0,37332.41
ORD-00119,2024-05-03,CUST-1016,Brian Ramirez,Corporate,West,Office Supplies,Fasteners,Push Pins Pack,6881.41,5,0.1,462.44
ORD-01879,2024-05-03,CUST-1214,Katherine Salas,Home Office,East,Furniture,Bookcases,Corner Bookcase,22068.27,6,0.15,-2404.28
ORD-01527,2024-05-04,CUST-1275,Joyce Bowen,Corporate,West,Technology,Machines,Laser Printer,13702.39,2,0,2286.09
ORD-00158,2024-05-05,CUST-1152,Pamela Boyd,Corporate,South,Furniture,Bookcases,5-Shelf Bookcase,61333.64,7,0.15,-4357.19
ORD-01248,2024-05-05,CUST-1016,Brian Ramirez,Corporate,West,Furniture,Tables,Coffee Table,127565.61,9,0.05,11430.68
ORD-00122,2024-05-06,CUST-1128,Jason Powell,Home Office,South,Technology,Machines,All-in-One Printer,93087.22,3,0.1,13051.4
ORD-01715,2024-05-06,CUST-1287,Joseph Knight,Home Office,Central,Furniture,Bookcases,Modern Bookcase,24062.97,8,0.1,427.29
ORD-01882,2024-05-06,CUST-1101,Sandra Aguilar,Home Office,Central,Furniture,Bookcases,Corner Bookcase,56530.8,4,0.2,-5180.76
ORD-01729,2024-05-07,CUST-1166,John Anderson,Home Office,South,Furniture,Furnishings,Desk Lamp,89554.38,8,0.1,14871.6
ORD-01731,2024-05-07,CUST-1231,Jessica Stephens,Corporate,North,Technology,Accessories,Wireless Mouse,324549.11,10,0.15,-12511.26
ORD-01650,2024-05-08,CUST-1287,Joseph Knight,Home Office,North,Furniture,Tables,Coffee Table,6447.63,9,0.15,-199.14
ORD-00028,2024-05-13,CUST-1130,Megan Orr,Home Office,North,Technology,Phones,Smartphone X200,26379.1,6,0,7287.75
ORD-00566,2024-05-13,CUST-1117,William Herrera,Corporate,South,Technology,Copiers,Office Copier Machine,248915.77,8,0,45495.23
ORD-01786,2024-05-13,CUST-1208,Cathy Robinson,Consumer,North,Furniture,Tables,Coffee Table,11613.2,2,0.05,2623.14
ORD-00686,2024-05-14,CUST-1039,Elizabeth Fowler,Corporate,Central,Technology,Machines,Scanner,266018.99,11,0.1,28979.52
ORD-01166,2024-05-14,CUST-1162,Jennifer Adkins,Consumer,Central,Office Supplies,Storage,Storage Box,2952.15,3,0.15,-334.13
ORD-01991,2024-05-14,CUST-1120,Jeffrey Chandler,Corporate,West,Technology,Machines,Laser Printer,585527.77,12,0,118701.78
ORD-01104,2024-05-15,CUST-1180,Robert Oconnell,Consumer,West,Furniture,Furnishings,Desk Lamp,92049.74,8,0,6893.55
ORD-00753,2024-05-16,CUST-1139,David Alvarez,Consumer,East,Office Supplies,Storage,Storage Box,1832.12,3,0.3,7.24
ORD-01544,2024-05-16,CUST-1156,Michelle Brown,Home Office,North,Technology,Copiers,Office Copier Machine,33328.77,1,0.1,5199.2
ORD-01796,2024-05-16,CUST-1097,Aaron Wise,Consumer,South,Furniture,Bookcases,Corner Bookcase,10740.18,3,0,3402.89
ORD-00600,2024-05-17,CUST-1039,Elizabeth Fowler,Corporate,South,Furniture,Tables,Coffee Table,7056.2,5,0.2,521.53
ORD-00428,2024-05-18,CUST-1283,Jessica Garcia,Home Office,West,Technology,Machines,All-in-One Printer,2230.71,3,0.05,502.3
ORD-00483,2024-05-18,CUST-1213,Melissa Martinez,Corporate,South,Office Supplies,Paper,A4 Paper Ream,4240.38,4,0.15,-632.58
ORD-00892,2024-05-18,CUST-1110,Sharon Cochran,Corporate,Central,Office Supplies,Art,Sketch Pad,246.79,6,0.3,-12.38
ORD-00734,2024-05-19,CUST-1191,Debra Morton,Home Office,North,Office Supplies,Paper,Printer Paper Bulk,17435.44,10,0,1640.08
ORD-00869,2024-05-20,CUST-1205,Erin Warner,Consumer,East,Furniture,Bookcases,Corner Bookcase,44096.99,12,0.3,-6562.0
ORD-01620,2024-05-20,CUST-1246,Donna Landry,Consumer,East,Technology,Accessories,Wireless Mouse,35924.5,1,0.1,6480.24
ORD-01364,2024-05-21,CUST-1083,Michael Evans,Corporate,South,Furniture,Tables,Study Table,15625.69,5,0.3,-531.27
ORD-01379,2024-05-21,CUST-1271,Jasmin Alvarado,Consumer,Central,Furniture,Chairs,Recliner Chair,44867.95,6,0,5934.78
ORD-00619,2024-05-22,CUST-1231,Jessica Stephens,Corporate,West,Technology,Copiers,Office Copier Machine,185020.35,8,0.05,18667.27
ORD-00759,2024-05-22,CUST-1268,Colin Terry,Corporate,East,Furniture,Tables,Dining Table,41371.83,7,0.2,-4325.4
ORD-01818,2024-05-22,CUST-1009,Gabrielle Davis,Home Office,Central,Furniture,Bookcases,Corner Bookcase,11087.75,1,0.2,-1864.78
ORD-01630,2024-05-24,CUST-1036,Jeffrey Chavez,Consumer,East,Furniture,Tables,Conference Table,149759.68,11,0,29851.23
ORD-00238,2024-05-25,CUST-1045,Angelica Tucker,Consumer,East,Office Supplies,Supplies,Scissors,1195.57,2,0,229.63
ORD-01125,2024-05-25,CUST-1251,Isaiah Avila,Consumer,Central,Furniture,Furnishings,Wall Clock,35283.91,7,0,2198.55
ORD-01554,2024-05-25,CUST-1191,Debra Morton,Home Office,North,Furniture,Tables,Coffee Table,24468.67,5,0,4111.19
ORD-01938,2024-05-25,CUST-1105,Richard Henson,Home Office,East,Furniture,Tables,Study Table,41669.41,4,0,2978.68
ORD-00464,2024-05-26,CUST-1127,Michelle Evans,Consumer,South,Technology,Copiers,Desktop Copier,548511.57,10,0.2,129472.58
ORD-01267,2024-05-27,CUST-1207,Bryan Herrera,Corporate,North,Technology,Copiers,Desktop Copier,209572.47,7,0,64554.67
ORD-01352,2024-05-28,CUST-1163,Lindsey Walker,Home Office,North,Furniture,Bookcases,Corner Bookcase,11921.62,1,0.3,-221.63
ORD-01392,2024-05-28,CUST-1093,Denise Jacobs,Consumer,East,Technology,Phones,Smartphone Pro Max,250625.8,7,0,22508.78
ORD-01919,2024-05-28,CUST-1008,Gina Moore,Consumer,West,Furniture,Chairs,Folding Chair,39572.94,6,0.1,870.94
ORD-00195,2024-05-29,CUST-1109,Evelyn Galvan,Consumer,West,Technology,Machines,Label Maker,48578.86,6,0.15,6262.22
ORD-00198,2024-05-29,CUST-1047,John Pierce,Corporate,North,Furniture,Tables,Dining Table,4848.29,2,0,254.14
ORD-00209,2024-05-29,CUST-1140,Angel Perry,Home Office,Central,Furniture,Bookcases,Modern Bookcase,95992.26,10,0,19187.22
ORD-01371,2024-05-29,CUST-1131,Elizabeth Kelley,Corporate,East,Office Supplies,Labels,Sticker Sheet,19165.78,11,0,1598.83
ORD-00764,2024-05-30,CUST-1124,Michelle Harmon,Consumer,Central,Technology,Accessories,Webcam HD,34797.86,1,0.2,7254.07
ORD-01110,2024-05-30,CUST-1011,Monica Herrera,Home Office,Central,Office Supplies,Labels,Label Roll,7863.92,7,0.2,-372.49
ORD-01247,2024-05-30,CUST-1207,Bryan Herrera,Corporate,Central,Office Supplies,Binders,Clip Binder,9564.96,10,0.2,484.33
ORD-01480,2024-05-30,CUST-1207,Bryan Herrera,Corporate,West,Office Supplies,Supplies,Glue Stick,446.93,1,0,79.51
ORD-01803,2024-05-30,CUST-1082,Mike Allen,Corporate,North,Furniture,Tables,Dining Table,48681.31,4,0.2,2717.33
ORD-00162,2024-05-31,CUST-1092,Brian Rodriguez,Home Office,North,Furniture,Tables,Study Table,37947.29,4,0.2,-8278.34
ORD-01498,2024-05-31,CUST-1041,Paula Moreno,Corporate,Central,Office Supplies,Art,Marker Set,1972.61,5,0.15,119.88
ORD-00319,2024-06-02,CUST-1268,Colin Terry,Corporate,West,Technology,Phones,Smartphone Pro Max,116331.08,4,0.15,4712.03
ORD-00791,2024-06-02,CUST-1109,Evelyn Galvan,Consumer,South,Technology,Copiers,Office Copier Machine,22375.91,1,0.2,1903.81
ORD-00854,2024-06-02,CUST-1013,Lisa Hensley,Home Office,South,Furniture,Tables,Dining Table,39468.33,7,0.1,-2132.62
ORD-01445,2024-06-02,CUST-1201,Melissa Brewer,Consumer,South,Office Supplies,Fasteners,Push Pins Pack,2802.82,4,0.1,438.57
ORD-00556,2024-06-03,CUST-1213,Melissa Martinez,Corporate,West,Office Supplies,Fasteners,Stapler,11637.89,8,0.3,-566.06
ORD-01043,2024-06-03,CUST-1093,Denise Jacobs,Consumer,West,Furniture,Tables,Dining Table,101714.06,10,0,24652.58
ORD-01116,2024-06-03,CUST-1022,Patty Perez,Home Office,East,Technology,Phones,Smartphone Lite,248697.12,11,0.05,60487.18
ORD-01799,2024-06-04,CUST-1078,Megan Young,Corporate,South,Technology,Copiers,Office Copier Machine,450977.89,8,0,151746.16
ORD-01067,2024-06-05,CUST-1223,Elizabeth Oliver DDS,Home Office,South,Technology,Phones,Cordless Phone,39199.93,2,0.1,-369.77
ORD-01496,2024-06-05,CUST-1156,Michelle Brown,Home Office,West,Furniture,Tables,Study Table,12918.11,10,0.15,-1418.76
ORD-00223,2024-06-06,CUST-1203,Elizabeth Perkins,Home Office,West,Furniture,Furnishings,Office Partition,21039.93,7,0.1,2502.5
ORD-01902,2024-06-06,CUST-1095,John Whitehead,Home Office,West,Furniture,Furnishings,Office Partition,61525.78,5,0,17060.97
ORD-00614,2024-06-07,CUST-1034,Nathan Maldonado,Home Office,North,Furniture,Tables,Study Table,32888.17,4,0.2,6386.37
ORD-00678,2024-06-07,CUST-1077,Angela Lopez,Corporate,West,Furniture,Chairs,Executive Office Chair,25005.4,4,0,6147.3
ORD-00688,2024-06-07,CUST-1195,John Bishop,Corporate,North,Office Supplies,Art,Marker Set,5528.85,5,0,822.73
ORD-00720,2024-06-07,CUST-1189,Madison Poole,Consumer,South,Technology,Phones,Smartphone Pro Max,146973.6,3,0.3,18942.62
ORD-01250,2024-06-08,CUST-1175,Nicole Herring,Home Office,North,Office Supplies,Storage,File Organizer,3102.92,10,0.1,-83.82
ORD-01577,2024-06-08,CUST-1275,Joyce Bowen,Corporate,North,Furniture,Tables,Dining Table,14912.12,9,0,4715.99
ORD-01754,2024-06-09,CUST-1168,Alyssa Day,Consumer,West,Technology,Accessories,Mechanical Keyboard,99857.7,5,0,6658.85
ORD-01865,2024-06-10,CUST-1218,Mark Brown,Home Office,North,Office Supplies,Art,Marker Set,1465.98,12,0,391.31
ORD-00461,2024-06-11,CUST-1075,Amy Silva,Consumer,South,Office Supplies,Supplies,Scissors,2830.99,7,0.15,671.89
ORD-01134,2024-06-12,CUST-1229,Michael Bradshaw,Home Office,West,Furniture,Furnishings,Wall Clock,22884.44,6,0.3,-2707.49
ORD-01275,2024-06-12,CUST-1259,Denise Davenport,Corporate,West,Office Supplies,Storage,Storage Box,11931.0,6,0,3426.09
ORD-01530,2024-06-12,CUST-1075,Amy Silva,Consumer,South,Furniture,Tables,Study Table,4931.75,1,0.1,394.47
ORD-01556,2024-06-12,CUST-1245,Shannon Rivera,Consumer,South,Technology,Copiers,Desktop Copier,33281.29,3,0.15,-3128.67
ORD-00755,2024-06-13,CUST-1182,Tina Sanders,Corporate,Central,Technology,Phones,Smartphone Lite,69671.63,2,0.15,-10814.37
ORD-00807,2024-06-13,CUST-1050,Eric Carney,Corporate,South,Office Supplies,Supplies,Tape Dispenser,4367.8,6,0.15,175.69
ORD-00760,2024-06-14,CUST-1146,Joyce Solis,Home Office,Central,Furniture,Chairs,Executive Office Chair,19839.11,2,0.3,-1233.29
ORD-01558,2024-06-14,CUST-1168,Alyssa Day,Consumer,South,Furniture,Tables,Study Table,3531.28,6,0.1,230.01
ORD-01647,2024-06-15,CUST-1175,Nicole Herring,Home Office,South,Technology,Accessories,Wireless Mouse,10238.13,1,0.3,570.64
ORD-01844,2024-06-15,CUST-1231,Jessica Stephens,Corporate,Central,Technology,Phones,Smartphone Lite,73449.69,4,0.1,4106.6
ORD-00526,2024-06-17,CUST-1163,Lindsey Walker,Home Office,West,Furniture,Bookcases,5-Shelf Bookcase,58646.59,8,0.2,2872.52
ORD-00602,2024-06-17,CUST-1049,Joshua Blair,Corporate,West,Office Supplies,Paper,A4 Paper Ream,1782.37,1,0,507.61
ORD-00702,2024-06-18,CUST-1083,Michael Evans,Corporate,South,Technology,Copiers,Desktop Copier,255842.4,6,0.1,-7004.38
ORD-01422,2024-06-18,CUST-1245,Shannon Rivera,Consumer,East,Furniture,Tables,Dining Table,39350.79,9,0.05,7679.3
ORD-00240,2024-06-19,CUST-1239,Sara Johnston,Consumer,East,Furniture,Bookcases,Modern Bookcase,2691.39,1,0.15,418.12
ORD-00970,2024-06-19,CUST-1064,Donald Wright,Corporate,West,Furniture,Furnishings,Office Partition,42293.68,12,0.05,2861.78
ORD-01330,2024-06-19,CUST-1131,Elizabeth Kelley,Corporate,West,Technology,Copiers,Desktop Copier,8250.5,2,0,2143.84
ORD-00539,2024-06-20,CUST-1028,Stephanie Ross,Home Office,South,Furniture,Chairs,Mesh Task Chair,3060.01,3,0.2,-594.34
ORD-00836,2024-06-20,CUST-1233,Christopher Parker,Corporate,North,Furniture,Furnishings,Desk Lamp,22652.63,5,0,1538.48
ORD-00952,2024-06-20,CUST-1058,Richard Aguirre,Corporate,South,Technology,Phones,Cordless Phone,90350.22,9,0.2,12014.71
ORD-00958,2024-06-20,CUST-1141,Cheyenne Horton,Corporate,North,Furniture,Tables,Study Table,65887.88,6,0,18736.43
ORD-00998,2024-06-20,CUST-1236,Kathryn Snyder,Consumer,Central,Office Supplies,Binders,Clip Binder,19998.01,11,0.05,3877.05
ORD-00097,2024-06-21,CUST-1237,Andrew Reynolds,Consumer,East,Technology,Copiers,Desktop Copier,34249.57,4,0.3,-141.35
ORD-00659,2024-06-21,CUST-1056,Michael Lewis,Home Office,South,Furniture,Bookcases,5-Shelf Bookcase,16155.18,7,0.05,2176.57
ORD-01403,2024-06-21,CUST-1028,Stephanie Ross,Home Office,Central,Furniture,Tables,Conference Table,7204.44,1,0,370.17
ORD-00649,2024-06-22,CUST-1217,Rodney Morales,Home Office,Central,Office Supplies,Envelopes,Mailing Envelopes Pack,13688.03,8,0.1,2234.91
ORD-01294,2024-06-22,CUST-1150,Stephanie Manning,Home Office,West,Furniture,Chairs,Mesh Task Chair,76598.8,6,0.15,-6210.75
ORD-00060,2024-06-23,CUST-1177,Michael Elliott,Home Office,Central,Technology,Copiers,Office Copier Machine,97546.04,8,0.3,-17793.7
ORD-00248,2024-06-23,CUST-1109,Evelyn Galvan,Consumer,West,Office Supplies,Supplies,Tape Dispenser,2008.59,6,0.1,346.55
ORD-00444,2024-06-23,CUST-1133,Mary Marshall,Home Office,North,Furniture,Chairs,Executive Office Chair,110494.05,10,0.3,-27341.12
ORD-00891,2024-06-23,CUST-1251,Isaiah Avila,Consumer,East,Office Supplies,Paper,Printer Paper Bulk,12144.68,7,0.3,333.08
ORD-00134,2024-06-24,CUST-1132,Dustin Jordan,Home Office,West,Furniture,Tables,Coffee Table,95350.35,9,0.05,6125.85
ORD-00479,2024-06-24,CUST-1174,Matthew Harrington,Home Office,North,Office Supplies,Supplies,Scissors,207.29,3,0.05,31.96
ORD-00603,2024-06-24,CUST-1029,Zachary Hicks,Home Office,East,Office Supplies,Envelopes,Mailing Envelopes Pack,1207.87,2,0.2,-63.96
ORD-00637,2024-06-24,CUST-1025,Matthew Foster,Home Office,Central,Office Supplies,Paper,Sticky Notes Pack,350.86,12,0.2,-1.98
ORD-00201,2024-06-25,CUST-1112,Shannon Walker,Corporate,North,Furniture,Tables,Conference Table,110851.33,10,0,13782.8
ORD-00290,2024-06-26,CUST-1116,Diana May,Home Office,East,Office Supplies,Art,Whiteboard,5486.66,4,0,1858.57
ORD-00581,2024-06-26,CUST-1143,Patricia Rodriguez,Consumer,North,Furniture,Chairs,Recliner Chair,88693.34,9,0,29906.32
ORD-00953,2024-06-26,CUST-1176,Alex Hernandez,Corporate,Central,Furniture,Tables,Conference Table,14366.55,4,0.3,-2286.34
ORD-00834,2024-06-27,CUST-1155,Brenda Hall,Corporate,East,Office Supplies,Fasteners,Push Pins Pack,5606.35,4,0,371.14
ORD-01703,2024-06-27,CUST-1021,Margaret Hawkins DDS,Consumer,South,Technology,Copiers,Desktop Copier,267718.75,5,0,90719.69
ORD-00724,2024-06-28,CUST-1084,Paul Jones,Consumer,East,Technology,Copiers,Desktop Copier,166459.44,4,0,9382.05
ORD-00736,2024-06-28,CUST-1007,Abigail Shaffer,Consumer,East,Furniture,Tables,Conference Table,10623.0,11,0,1794.41
ORD-00816,2024-06-29,CUST-1022,Patty Perez,Home Office,East,Furniture,Furnishings,Office Partition,36120.87,8,0.05,3407.61
ORD-01917,2024-06-29,CUST-1129,Cameron Fisher,Home Office,South,Office Supplies,Envelopes,Mailing Envelopes Pack,11498.92,6,0.3,-487.93
ORD-00555,2024-06-30,CUST-1249,Jose Travis,Consumer,West,Furniture,Furnishings,Office Partition,13677.63,4,0,2053.76
ORD-01908,2024-06-30,CUST-1053,Crystal Robinson,Consumer,North,Furniture,Furnishings,Wall Clock,82735.41,9,0,16196.15
ORD-00375,2024-07-01,CUST-1295,Ryan Gonzalez,Consumer,Central,Furniture,Tables,Dining Table,59511.7,5,0.3,3370.67
ORD-01666,2024-07-01,CUST-1194,Angelica Keith,Corporate,South,Furniture,Furnishings,Desk Lamp,41935.74,12,0.2,-1910.56
ORD-00440,2024-07-02,CUST-1180,Robert Oconnell,Consumer,South,Office Supplies,Fasteners,Paper Clips Box,530.5,4,0.05,147.61
ORD-00775,2024-07-02,CUST-1217,Rodney Morales,Home Office,Central,Office Supplies,Fasteners,Paper Clips Box,4154.47,10,0.15,-32.06
ORD-01062,2024-07-02,CUST-1007,Abigail Shaffer,Consumer,North,Technology,Machines,Laser Printer,504315.93,10,0.3,-39811.27
ORD-00434,2024-07-03,CUST-1190,Jessica Gross,Home Office,South,Technology,Accessories,Webcam HD,155286.78,3,0,52829.14
ORD-01691,2024-07-03,CUST-1039,Elizabeth Fowler,Corporate,South,Furniture,Furnishings,Wall Clock,43907.73,4,0.1,5572.83
ORD-00109,2024-07-04,CUST-1022,Patty Perez,Home Office,East,Office Supplies,Envelopes,Padded Envelopes,1854.4,11,0.2,-187.71
ORD-01994,2024-07-05,CUST-1204,Joseph Coleman,Consumer,North,Technology,Machines,All-in-One Printer,115671.55,3,0,21878.1
ORD-01832,2024-07-06,CUST-1029,Zachary Hicks,Home Office,Central,Technology,Copiers,Office Copier Machine,157915.58,10,0.3,-10733.88
ORD-00147,2024-07-07,CUST-1194,Angelica Keith,Corporate,West,Furniture,Tables,Coffee Table,6175.74,2,0.05,1467.59
ORD-01602,2024-07-07,CUST-1087,Shirley Suarez,Home Office,North,Furniture,Chairs,Executive Office Chair,53607.07,10,0.2,8170.62
ORD-01757,2024-07-07,CUST-1210,Brian Lee,Consumer,West,Furniture,Furnishings,Office Partition,88100.86,6,0.1,22395.19
ORD-01735,2024-07-08,CUST-1024,Tommy Walter,Consumer,North,Technology,Phones,Smartphone Lite,19873.82,7,0.05,57.06
ORD-00116,2024-07-10,CUST-1239,Sara Johnston,Consumer,Central,Technology,Accessories,Mechanical Keyboard,164008.57,3,0,33692.39
ORD-00190,2024-07-10,CUST-1135,Rebecca Jackson,Home Office,East,Furniture,Furnishings,Desk Lamp,14172.93,4,0.2,-397.59
ORD-00551,2024-07-10,CUST-1136,Jose Schultz,Corporate,East,Furniture,Tables,Study Table,22663.85,2,0,4082.66
ORD-00916,2024-07-11,CUST-1258,Kathleen Moran,Home Office,East,Technology,Machines,Label Maker,117699.7,2,0.2,22962.32
ORD-00099,2024-07-12,CUST-1179,Lawrence Adkins,Home Office,North,Technology,Phones,Smartphone Pro Max,210187.06,9,0.05,-2750.3
ORD-00626,2024-07-13,CUST-1156,Michelle Brown,Home Office,North,Furniture,Chairs,Mesh Task Chair,12483.89,1,0.05,-28.74
ORD-01085,2024-07-13,CUST-1015,Dylan Miller,Home Office,West,Office Supplies,Envelopes,Mailing Envelopes Pack,693.97,3,0.05,39.23
ORD-01243,2024-07-13,CUST-1010,Ryan Munoz,Consumer,Central,Furniture,Bookcases,Modern Bookcase,107594.35,10,0,35558.69
ORD-01513,2024-07-13,CUST-1294,Margaret Coleman,Corporate,North,Furniture,Chairs,Mesh Task Chair,3492.63,2,0,421.6
ORD-00089,2024-07-14,CUST-1020,Carla Gray,Consumer,North,Technology,Machines,Laser Printer,564971.16,11,0.2,-12457.49
ORD-00261,2024-07-14,CUST-1141,Cheyenne Horton,Corporate,South,Furniture,Tables,Dining Table,4752.77,2,0.2,774.39
ORD-01263,2024-07-14,CUST-1105,Richard Henson,Home Office,East,Furniture,Furnishings,Wall Clock,18630.88,9,0.3,914.54
ORD-00789,2024-07-15,CUST-1263,Timothy Romero,Home Office,South,Technology,Accessories,Wireless Mouse,206350.4,5,0,19435.51
ORD-00423,2024-07-16,CUST-1273,Jonathan Lawrence,Home Office,East,Technology,Copiers,Desktop Copier,76803.53,4,0.1,13969.24
ORD-01244,2024-07-16,CUST-1131,Elizabeth Kelley,Corporate,Central,Furniture,Furnishings,Office Partition,105665.0,12,0.2,8402.46
ORD-01299,2024-07-17,CUST-1196,Allen Rosales,Consumer,Central,Furniture,Chairs,Folding Chair,8465.92,1,0,2062.52
ORD-00532,2024-07-18,CUST-1254,Barbara Dudley,Consumer,North,Furniture,Tables,Study Table,23377.24,5,0.05,3629.65
ORD-00803,2024-07-18,CUST-1021,Margaret Hawkins DDS,Consumer,South,Technology,Phones,Smartphone X200,207922.18,8,0,13508.83
ORD-01259,2024-07-18,CUST-1119,Victor Baker,Home Office,North,Furniture,Bookcases,Corner Bookcase,167926.32,12,0.2,-21212.97
ORD-01446,2024-07-18,CUST-1098,Deborah Figueroa,Corporate,South,Furniture,Furnishings,Desk Lamp,93029.52,7,0,11788.51
ORD-00737,2024-07-19,CUST-1284,Shelia Wallace,Consumer,East,Office Supplies,Fasteners,Push Pins Pack,7787.13,4,0.2,1700.33
ORD-01516,2024-07-19,CUST-1094,Christina Walters,Home Office,South,Furniture,Bookcases,Corner Bookcase,7778.88,3,0.15,1100.16
ORD-01868,2024-07-19,CUST-1028,Stephanie Ross,Home Office,West,Office Supplies,Binders,Ring Binder Set,3527.26,7,0,570.31
ORD-01915,2024-07-19,CUST-1148,Stephanie Salazar,Home Office,South,Office Supplies,Binders,Ring Binder Set,3708.3,2,0.05,76.65
ORD-01230,2024-07-20,CUST-1270,Patrick Thornton,Consumer,West,Office Supplies,Paper,Printer Paper Bulk,1194.77,1,0.05,198.38
ORD-00716,2024-07-21,CUST-1258,Kathleen Moran,Home Office,Central,Technology,Machines,All-in-One Printer,166317.05,5,0,34938.18
ORD-01718,2024-07-22,CUST-1259,Denise Davenport,Corporate,Central,Technology,Machines,All-in-One Printer,349969.31,8,0.3,-47572.47
ORD-01906,2024-07-22,CUST-1080,Lisa Barnes,Corporate,West,Technology,Accessories,USB-C Hub,110332.15,7,0.3,-11704.41
ORD-01245,2024-07-23,CUST-1046,Philip Cannon,Consumer,Central,Technology,Accessories,USB-C Hub,571305.28,10,0.15,57382.38
ORD-01428,2024-07-23,CUST-1172,Darlene Miller,Corporate,Central,Office Supplies,Supplies,Glue Stick,11949.7,10,0.2,-424.73
ORD-01506,2024-07-23,CUST-1187,Jonathan Peterson,Consumer,North,Technology,Copiers,Desktop Copier,168305.57,8,0.05,49104.87
ORD-01300,2024-07-25,CUST-1111,Richard Rodriguez,Corporate,South,Technology,Accessories,Mechanical Keyboard,10600.87,1,0.05,2154.31
ORD-00576,2024-07-26,CUST-1067,Tracy House,Home Office,Central,Office Supplies,Paper,Printer Paper Bulk,1322.17,4,0.15,308.98
ORD-01573,2024-07-26,CUST-1299,Keith Jennings,Corporate,East,Technology,Accessories,USB-C Hub,341485.85,8,0,113931.41
ORD-01864,2024-07-26,CUST-1270,Patrick Thornton,Consumer,Central,Technology,Machines,All-in-One Printer,82771.52,2,0.15,-455.03
ORD-00534,2024-07-27,CUST-1044,Anthony Humphrey,Corporate,North,Technology,Accessories,USB-C Hub,155632.73,12,0.2,18611.51
ORD-00920,2024-07-27,CUST-1125,Helen Jones,Corporate,Central,Office Supplies,Supplies,Scissors,2453.04,2,0,403.71
ORD-01677,2024-07-28,CUST-1094,Christina Walters,Home Office,East,Technology,Copiers,Desktop Copier,53204.01,2,0.3,-2262.79
ORD-01976,2024-07-28,CUST-1103,Rebecca Valencia,Home Office,South,Furniture,Chairs,Executive Office Chair,20181.1,5,0,3199.79
ORD-00163,2024-07-29,CUST-1290,Briana Murray,Consumer,South,Office Supplies,Art,Sketch Pad,21818.68,11,0,1702.95
ORD-01399,2024-07-29,CUST-1088,Christopher Bass,Home Office,South,Furniture,Bookcases,Corner Bookcase,23384.79,3,0.1,-172.55
ORD-01468,2024-07-29,CUST-1024,Tommy Walter,Consumer,Central,Furniture,Furnishings,Office Partition,95397.81,8,0,28517.22
ORD-01825,2024-07-30,CUST-1242,Matthew Moon,Consumer,East,Office Supplies,Envelopes,Padded Envelopes,1470.5,6,0.1,-102.83
ORD-01345,2024-07-31,CUST-1298,William Barrett,Corporate,West,Furniture,Bookcases,Modern Bookcase,13329.13,1,0.1,2837.7
ORD-01791,2024-07-31,CUST-1203,Elizabeth Perkins,Home Office,Central,Furniture,Bookcases,Modern Bookcase,9704.42,8,0.3,-835.72
ORD-01839,2024-07-31,CUST-1262,Desiree Tyler,Consumer,Central,Technology,Accessories,Mechanical Keyboard,161589.82,6,0.3,-9635.71
ORD-00580,2024-08-01,CUST-1231,Jessica Stephens,Corporate,West,Furniture,Bookcases,5-Shelf Bookcase,101352.84,10,0.2,4311.09
ORD-00747,2024-08-01,CUST-1133,Mary Marshall,Home Office,West,Technology,Copiers,Desktop Copier,58898.12,2,0.1,2036.8
ORD-00925,2024-08-01,CUST-1216,Anthony Everett,Corporate,Central,Technology,Copiers,Office Copier Machine,185702.22,9,0.3,-57711.27
ORD-00935,2024-08-02,CUST-1236,Kathryn Snyder,Consumer,South,Office Supplies,Supplies,Scissors,720.27,3,0.15,72.24
ORD-01394,2024-08-02,CUST-1185,Lindsay Martinez,Home Office,East,Office Supplies,Labels,Label Roll,1588.96,8,0,312.2
ORD-01695,2024-08-02,CUST-1072,Whitney Peters,Corporate,East,Technology,Accessories,USB-C Hub,619682.18,12,0,124255.89
ORD-00051,2024-08-03,CUST-1061,Victoria Garcia,Corporate,South,Technology,Machines,Label Maker,411744.23,7,0,67969.01
ORD-00176,2024-08-03,CUST-1108,Sierra Johnson,Consumer,West,Technology,Phones,Smartphone Pro Max,419211.78,11,0,110911.25
ORD-00634,2024-08-03,CUST-1196,Allen Rosales,Consumer,East,Office Supplies,Envelopes,Mailing Envelopes Pack,9968.12,7,0,1476.61
ORD-01588,2024-08-03,CUST-1166,John Anderson,Home Office,South,Technology,Machines,Scanner,112931.54,5,0.05,22410.19
ORD-01661,2024-08-03,CUST-1083,Michael Evans,Corporate,South,Office Supplies,Envelopes,Mailing Envelopes Pack,4564.77,3,0.15,653.14
ORD-00884,2024-08-05,CUST-1108,Sierra Johnson,Consumer,East,Office Supplies,Storage,Storage Box,5841.2,9,0,555.53
ORD-01662,2024-08-05,CUST-1240,Yvonne Chambers,Home Office,South,Furniture,Bookcases,5-Shelf Bookcase,15802.49,8,0.3,-2821.24
ORD-01463,2024-08-06,CUST-1100,Stephen Mckee,Corporate,North,Technology,Phones,Cordless Phone,166521.17,4,0.05,37877.71
ORD-01170,2024-08-07,CUST-1293,Jeremy Reed,Home Office,South,Technology,Accessories,Webcam HD,196138.33,5,0.05,38551.28
ORD-01417,2024-08-07,CUST-1282,Tammie Bright,Home Office,North,Technology,Machines,Laser Printer,199220.98,4,0.2,-19753.56
ORD-01307,2024-08-11,CUST-1266,Joshua Reed,Corporate,Central,Office Supplies,Supplies,Glue Stick,15573.87,11,0.15,1893.78
ORD-01599,2024-08-11,CUST-1015,Dylan Miller,Home Office,Central,Office Supplies,Supplies,Scissors,22415.25,12,0.2,-539.88
ORD-00609,2024-08-15,CUST-1170,Daniel Murphy,Corporate,Central,Office Supplies,Labels,Sticker Sheet,12282.82,7,0,2441.57
ORD-01305,2024-08-17,CUST-1270,Patrick Thornton,Consumer,West,Office Supplies,Paper,A4 Paper Ream,2350.28,8,0.05,147.59
ORD-01407,2024-08-17,CUST-1152,Pamela Boyd,Corporate,South,Office Supplies,Labels,Sticker Sheet,2495.37,5,0,439.69
ORD-01971,2024-08-18,CUST-1234,Laura Roberts,Consumer,North,Furniture,Bookcases,5-Shelf Bookcase,14159.64,6,0.2,-2074.68
ORD-00508,2024-08-20,CUST-1244,Brandon Bailey MD,Consumer,Central,Furniture,Chairs,Folding Chair,38365.11,5,0.15,6225.72
ORD-01119,2024-08-20,CUST-1262,Desiree Tyler,Consumer,West,Technology,Accessories,Webcam HD,177201.78,6,0,22234.9
ORD-01594,2024-08-20,CUST-1227,Kirk Carter,Corporate,East,Office Supplies,Art,Whiteboard,3841.18,4,0,1147.82
ORD-00465,2024-08-21,CUST-1259,Denise Davenport,Corporate,North,Technology,Copiers,Office Copier Machine,327729.0,12,0,84537.02
ORD-00616,2024-08-21,CUST-1034,Nathan Maldonado,Home Office,South,Office Supplies,Envelopes,Padded Envelopes,11445.79,8,0.3,-386.21
ORD-00977,2024-08-21,CUST-1018,Derek Zuniga,Consumer,South,Technology,Phones,Smartphone Pro Max,104334.92,10,0.15,24032.3
ORD-01433,2024-08-21,CUST-1086,Daniel Baker,Corporate,North,Technology,Phones,Smartphone X200,173288.33,6,0.05,-659.16
ORD-01774,2024-08-21,CUST-1004,Daniel Wagner,Home Office,West,Technology,Machines,Label Maker,347649.45,12,0,107445.57
ORD-00992,2024-08-22,CUST-1119,Victor Baker,Home Office,West,Technology,Phones,Smartphone Pro Max,176237.64,3,0.15,16768.56
ORD-01936,2024-08-22,CUST-1215,Julie Alexander,Consumer,North,Furniture,Chairs,Mesh Task Chair,15793.54,9,0,2717.02
ORD-00876,2024-08-23,CUST-1193,Debra Christian,Home Office,East,Technology,Phones,Smartphone Lite,204091.76,7,0.05,18381.48
ORD-01297,2024-08-23,CUST-1207,Bryan Herrera,Corporate,Central,Office Supplies,Paper,Printer Paper Bulk,5705.39,8,0.3,-1299.65
ORD-00308,2024-08-24,CUST-1077,Angela Lopez,Corporate,East,Technology,Accessories,USB-C Hub,92314.79,3,0,22968.25
ORD-00486,2024-08-25,CUST-1064,Donald Wright,Corporate,East,Technology,Accessories,Webcam HD,23976.27,12,0.3,4274.55
ORD-01659,2024-08-25,CUST-1127,Michelle Evans,Consumer,Central,Technology,Machines,Laser Printer,14576.08,3,0.3,-447.33
ORD-01739,2024-08-25,CUST-1208,Cathy Robinson,Consumer,West,Furniture,Chairs,Executive Office Chair,21917.69,9,0.3,-6798.37
ORD-00106,2024-08-27,CUST-1130,Megan Orr,Home Office,North,Office Supplies,Art,Sketch Pad,7910.09,6,0.1,4.28
ORD-00879,2024-08-27,CUST-1268,Colin Terry,Corporate,Central,Furniture,Chairs,Folding Chair,32359.75,5,0,4738.53
ORD-00824,2024-08-28,CUST-1257,Susan Murray MD,Corporate,East,Technology,Accessories,Wireless Mouse,182034.07,8,0,16047.71
ORD-00955,2024-08-28,CUST-1214,Katherine Salas,Home Office,East,Furniture,Bookcases,Corner Bookcase,29382.36,5,0.15,1355.05
ORD-00437,2024-08-29,CUST-1135,Rebecca Jackson,Home Office,South,Office Supplies,Envelopes,Mailing Envelopes Pack,6817.08,5,0,539.98
ORD-01014,2024-08-29,CUST-1071,Jordan Henderson,Consumer,East,Furniture,Chairs,Recliner Chair,18434.75,6,0,1942.47
ORD-01258,2024-08-29,CUST-1197,Daniel Salinas,Consumer,North,Furniture,Chairs,Recliner Chair,6260.54,1,0,2135.4
ORD-01974,2024-08-30,CUST-1056,Michael Lewis,Home Office,West,Technology,Copiers,Office Copier Machine,192352.72,7,0.2,11598.64
ORD-00663,2024-08-31,CUST-1264,Diane Evans,Home Office,West,Office Supplies,Art,Marker Set,582.21,11,0.15,53.33
ORD-01567,2024-08-31,CUST-1101,Sandra Aguilar,Home Office,North,Technology,Copiers,Desktop Copier,114081.71,6,0.1,4495.38
ORD-00164,2024-09-01,CUST-1029,Zachary Hicks,Home Office,North,Office Supplies,Storage,Storage Box,5407.33,8,0,1721.9
ORD-00582,2024-09-01,CUST-1258,Kathleen Moran,Home Office,North,Furniture,Tables,Conference Table,59539.89,5,0.3,-13972.15
ORD-00341,2024-09-02,CUST-1050,Eric Carney,Corporate,West,Office Supplies,Labels,Sticker Sheet,9742.99,6,0.15,-362.78
ORD-00989,2024-09-02,CUST-1240,Yvonne Chambers,Home Office,East,Furniture,Bookcases,5-Shelf Bookcase,8288.55,2,0,561.69
ORD-01476,2024-09-02,CUST-1024,Tommy Walter,Consumer,East,Technology,Machines,Laser Printer,119050.16,3,0.2,22580.55
ORD-00390,2024-09-03,CUST-1069,James Brown,Consumer,Central,Office Supplies,Supplies,Tape Dispenser,10923.69,11,0,1082.93
ORD-00795,2024-09-03,CUST-1157,Joshua Perry,Corporate,South,Furniture,Bookcases,Modern Bookcase,5832.72,2,0,1457.07
ORD-01435,2024-09-03,CUST-1084,Paul Jones,Consumer,North,Furniture,Tables,Study Table,47709.1,10,0.05,873.33
ORD-01343,2024-09-04,CUST-1026,Judy Baker,Consumer,East,Furniture,Bookcases,5-Shelf Bookcase,26517.03,12,0.2,-2696.31
ORD-01396,2024-09-04,CUST-1172,Darlene Miller,Corporate,Central,Office Supplies,Paper,Sticky Notes Pack,1828.56,1,0.1,328.51
ORD-01357,2024-09-05,CUST-1185,Lindsay Martinez,Home Office,South,Office Supplies,Envelopes,Mailing Envelopes Pack,5139.09,6,0,607.03
ORD-01103,2024-09-06,CUST-1022,Patty Perez,Home Office,West,Furniture,Furnishings,Wall Clock,5700.51,6,0.2,124.94
ORD-01369,2024-09-07,CUST-1176,Alex Hernandez,Corporate,South,Technology,Machines,Scanner,300422.03,9,0,48232.38
ORD-00306,2024-09-09,CUST-1237,Andrew Reynolds,Consumer,West,Technology,Machines,Scanner,349554.88,9,0.1,85156.44
ORD-00543,2024-09-09,CUST-1233,Christopher Parker,Corporate,East,Office Supplies,Binders,Clip Binder,663.33,1,0,75.23
ORD-00680,2024-09-09,CUST-1141,Cheyenne Horton,Corporate,North,Office Supplies,Storage,File Organizer,4886.08,8,0,390.07
ORD-01114,2024-09-10,CUST-1110,Sharon Cochran,Corporate,South,Office Supplies,Supplies,Glue Stick,8920.04,8,0,837.0
ORD-01367,2024-09-12,CUST-1254,Barbara Dudley,Consumer,Central,Furniture,Tables,Conference Table,26636.02,3,0,8771.12
ORD-00408,2024-09-13,CUST-1080,Lisa Barnes,Corporate,West,Office Supplies,Labels,Sticker Sheet,7362.07,7,0.15,1021.45
ORD-00161,2024-09-16,CUST-1250,Kimberly Gutierrez,Consumer,North,Furniture,Furnishings,Desk Lamp,8176.56,1,0,1640.75
ORD-01797,2024-09-16,CUST-1170,Daniel Murphy,Corporate,East,Furniture,Bookcases,Corner Bookcase,65524.79,12,0.3,-11364.36
ORD-00323,2024-09-17,CUST-1130,Megan Orr,Home Office,East,Office Supplies,Labels,Sticker Sheet,3069.48,12,0.05,380.66
ORD-00053,2024-09-18,CUST-1177,Michael Elliott,Home Office,East,Office Supplies,Envelopes,Padded Envelopes,2957.01,6,0.2,-399.32
ORD-00050,2024-09-19,CUST-1063,Connor West,Home Office,North,Office Supplies,Art,Whiteboard,2483.46,3,0.05,687.99
ORD-00187,2024-09-19,CUST-1070,William Baker,Home Office,South,Technology,Copiers,Office Copier Machine,469650.5,11,0,35130.42
ORD-00635,2024-09-19,CUST-1237,Andrew Reynolds,Consumer,North,Furniture,Tables,Dining Table,21979.27,3,0,5101.31
ORD-01805,2024-09-19,CUST-1295,Ryan Gonzalez,Consumer,Central,Office Supplies,Fasteners,Push Pins Pack,2044.1,2,0,463.57
ORD-00026,2024-09-21,CUST-1015,Dylan Miller,Home Office,West,Technology,Copiers,Desktop Copier,470792.82,8,0.2,-2369.09
ORD-01332,2024-09-21,CUST-1240,Yvonne Chambers,Home Office,North,Technology,Phones,Smartphone X200,423098.48,12,0,125306.64
ORD-01359,2024-09-21,CUST-1004,Daniel Wagner,Home Office,North,Furniture,Bookcases,5-Shelf Bookcase,40950.58,5,0.1,7219.12
ORD-01474,2024-09-21,CUST-1162,Jennifer Adkins,Consumer,South,Office Supplies,Fasteners,Stapler,19571.06,11,0,2268.78
ORD-00835,2024-09-22,CUST-1144,Christopher Rubio,Consumer,North,Furniture,Tables,Study Table,56288.38,5,0,3420.1
ORD-01196,2024-09-22,CUST-1197,Daniel Salinas,Consumer,South,Office Supplies,Storage,Storage Box,6930.09,5,0.1,1434.2
ORD-01776,2024-09-22,CUST-1199,Adam Vaughan,Corporate,West,Furniture,Furnishings,Desk Lamp,20949.58,4,0,3330.79
ORD-00082,2024-09-23,CUST-1270,Patrick Thornton,Consumer,East,Furniture,Tables,Dining Table,12943.38,10,0,3614.42
ORD-00186,2024-09-23,CUST-1276,Matthew Moore,Corporate,South,Office Supplies,Storage,File Organizer,4564.91,5,0,1413.55
ORD-00959,2024-09-24,CUST-1128,Jason Powell,Home Office,East,Office Supplies,Envelopes,Mailing Envelopes Pack,2170.07,2,0.3,312.0
ORD-01421,2024-09-24,CUST-1292,Stephanie Byrd,Consumer,Central,Furniture,Chairs,Folding Chair,67128.61,10,0,4840.4
ORD-00310,2024-09-25,CUST-1119,Victor Baker,Home Office,North,Technology,Machines,All-in-One Printer,31217.75,1,0.2,-0.82
ORD-00788,2024-09-25,CUST-1054,Mark Perez,Home Office,East,Furniture,Bookcases,Corner Bookcase,84999.82,12,0,9828.99
ORD-01063,2024-09-28,CUST-1161,Paul Castaneda,Home Office,Central,Office Supplies,Art,Marker Set,8312.7,10,0.3,-2008.06
ORD-01282,2024-09-29,CUST-1266,Joshua Reed,Corporate,East,Technology,Machines,Laser Printer,294197.72,10,0.1,14076.2
ORD-01931,2024-09-29,CUST-1250,Kimberly Gutierrez,Consumer,North,Office Supplies,Binders,Ring Binder Set,1171.9,1,0.15,55.75
ORD-00032,2024-09-30,CUST-1055,Shannon Jones,Corporate,West,Technology,Copiers,Desktop Copier,220137.97,7,0.3,-45845.55
ORD-00361,2024-09-30,CUST-1098,Deborah Figueroa,Corporate,Central,Furniture,Bookcases,Corner Bookcase,87500.68,12,0,6183.06
ORD-00159,2024-10-01,CUST-1236,Kathryn Snyder,Consumer,South,Office Supplies,Labels,Label Roll,5506.38,3,0,1140.83
ORD-00481,2024-10-01,CUST-1163,Lindsey Walker,Home Office,Central,Office Supplies,Binders,View Binder,5200.37,6,0.2,25.58
ORD-01038,2024-10-01,CUST-1129,Cameron Fisher,Home Office,East,Office Supplies,Supplies,Glue Stick,1389.61,3,0.1,241.37
ORD-01213,2024-10-01,CUST-1106,Marc Moore,Corporate,South,Furniture,Chairs,Mesh Task Chair,69140.41,10,0,18759.34
ORD-00039,2024-10-02,CUST-1053,Crystal Robinson,Consumer,North,Office Supplies,Fasteners,Paper Clips Box,973.81,8,0.3,-83.14
ORD-00175,2024-10-02,CUST-1295,Ryan Gonzalez,Consumer,South,Technology,Copiers,Office Copier Machine,391610.86,7,0,99670.36
ORD-00501,2024-10-03,CUST-1054,Mark Perez,Home Office,West,Technology,Phones,Smartphone X200,125381.15,3,0,8703.1
ORD-01083,2024-10-03,CUST-1004,Daniel Wagner,Home Office,East,Office Supplies,Paper,Printer Paper Bulk,4838.52,6,0,1020.29
ORD-00040,2024-10-04,CUST-1038,Cassandra Gaines,Home Office,Central,Office Supplies,Binders,Ring Binder Set,565.97,3,0.05,12.63
ORD-00668,2024-10-04,CUST-1047,John Pierce,Corporate,East,Furniture,Chairs,Recliner Chair,95881.96,7,0.2,14173.66
ORD-01782,2024-10-06,CUST-1152,Pamela Boyd,Corporate,East,Technology,Machines,All-in-One Printer,44905.85,1,0.1,5185.41
ORD-01950,2024-10-06,CUST-1291,David Smith,Consumer,West,Furniture,Bookcases,5-Shelf Bookcase,42515.53,9,0.05,2699.96
ORD-00399,2024-10-07,CUST-1122,Kenneth Scott,Home Office,South,Office Supplies,Supplies,Glue Stick,231.1,7,0.1,30.08
ORD-01068,2024-10-09,CUST-1111,Richard Rodriguez,Corporate,West,Technology,Phones,Cordless Phone,417322.45,11,0.2,5702.65
ORD-01344,2024-10-09,CUST-1283,Jessica Garcia,Home Office,South,Furniture,Furnishings,Wall Clock,148055.17,11,0.15,20543.13
ORD-00540,2024-10-10,CUST-1021,Margaret Hawkins DDS,Consumer,West,Technology,Copiers,Office Copier Machine,346159.27,8,0.15,-44015.05
ORD-00843,2024-10-10,CUST-1066,Amber Kidd,Consumer,South,Office Supplies,Storage,Storage Box,13161.1,10,0,3360.46
ORD-00996,2024-10-10,CUST-1114,Crystal Johnson,Consumer,Central,Technology,Machines,Laser Printer,438197.34,12,0.2,-25822.6
ORD-01320,2024-10-10,CUST-1143,Patricia Rodriguez,Consumer,North,Furniture,Chairs,Folding Chair,131549.26,12,0,22850.41
ORD-00811,2024-10-11,CUST-1070,William Baker,Home Office,South,Office Supplies,Storage,File Organizer,360.5,11,0.3,9.69
ORD-01802,2024-10-12,CUST-1139,David Alvarez,Consumer,North,Office Supplies,Envelopes,Padded Envelopes,5112.55,6,0.15,743.31
ORD-01996,2024-10-12,CUST-1195,John Bishop,Corporate,East,Furniture,Tables,Coffee Table,98602.99,12,0.1,-654.93
ORD-00269,2024-10-13,CUST-1107,Sharon Cherry,Consumer,West,Technology,Accessories,Wireless Mouse,54440.74,1,0.3,-4479.46
ORD-01329,2024-10-13,CUST-1016,Brian Ramirez,Corporate,South,Furniture,Chairs,Recliner Chair,59986.01,4,0.2,-9897.56
ORD-01123,2024-10-14,CUST-1192,Karen Graham,Consumer,South,Technology,Copiers,Office Copier Machine,206815.46,10,0,26009.26
ORD-01334,2024-10-14,CUST-1203,Elizabeth Perkins,Home Office,Central,Office Supplies,Supplies,Tape Dispenser,4755.31,4,0,1398.53
ORD-01031,2024-10-16,CUST-1103,Rebecca Valencia,Home Office,South,Office Supplies,Binders,Clip Binder,13356.22,8,0,1002.82
ORD-00564,2024-10-17,CUST-1051,Jessica Holmes,Home Office,South,Office Supplies,Labels,Sticker Sheet,5819.64,3,0,719.28
ORD-01017,2024-10-17,CUST-1094,Christina Walters,Home Office,Central,Furniture,Bookcases,5-Shelf Bookcase,151062.03,11,0.3,-22960.12
ORD-00802,2024-10-18,CUST-1076,Sarah Moore,Corporate,West,Office Supplies,Storage,Plastic Drawer Unit,3106.09,5,0.1,-31.33
ORD-00926,2024-10-18,CUST-1108,Sierra Johnson,Consumer,Central,Office Supplies,Storage,Plastic Drawer Unit,11952.76,7,0,2861.67
ORD-00102,2024-10-20,CUST-1275,Joyce Bowen,Corporate,North,Office Supplies,Art,Whiteboard,2155.73,3,0.2,-274.75
ORD-00624,2024-10-20,CUST-1182,Tina Sanders,Corporate,East,Furniture,Furnishings,Wall Clock,125543.88,11,0.1,11989.42
ORD-01382,2024-10-20,CUST-1016,Brian Ramirez,Corporate,West,Furniture,Tables,Study Table,117634.9,9,0.05,8149.59
ORD-00179,2024-10-21,CUST-1078,Megan Young,Corporate,East,Furniture,Furnishings,Desk Lamp,32658.22,5,0,5045.65
ORD-01246,2024-10-21,CUST-1159,Melissa Gates,Consumer,Central,Office Supplies,Art,Marker Set,6472.05,4,0.05,687.75
ORD-01670,2024-10-21,CUST-1238,David Davis,Corporate,West,Office Supplies,Labels,Sticker Sheet,5908.3,5,0,723.01
ORD-00395,2024-10-22,CUST-1058,Richard Aguirre,Corporate,South,Office Supplies,Storage,File Organizer,6428.01,7,0.05,1833.63
ORD-01232,2024-10-22,CUST-1209,Dr. William Warren,Home Office,Central,Office Supplies,Binders,Ring Binder Set,4875.48,3,0,733.16
ORD-01348,2024-10-24,CUST-1117,William Herrera,Corporate,Central,Furniture,Furnishings,Desk Lamp,31151.17,5,0.3,1873.36
ORD-01562,2024-10-25,CUST-1168,Alyssa Day,Consumer,West,Technology,Phones,Smartphone Pro Max,109998.69,2,0,17487.79
ORD-00336,2024-10-26,CUST-1178,Michael Wang,Consumer,West,Office Supplies,Storage,File Organizer,2769.27,2,0,698.5
ORD-01553,2024-10-26,CUST-1246,Donna Landry,Consumer,North,Office Supplies,Paper,Printer Paper Bulk,12889.75,8,0,1081.44
ORD-01366,2024-10-27,CUST-1129,Cameron Fisher,Home Office,Central,Office Supplies,Envelopes,Mailing Envelopes Pack,49.73,1,0.3,-10.84
ORD-01409,2024-10-27,CUST-1100,Stephen Mckee,Corporate,Central,Technology,Accessories,USB-C Hub,235557.67,4,0.1,25434.97
ORD-00550,2024-10-28,CUST-1009,Gabrielle Davis,Home Office,North,Office Supplies,Supplies,Scissors,2532.53,3,0.1,55.14
ORD-00561,2024-10-28,CUST-1017,Holly Wood,Consumer,North,Technology,Copiers,Desktop Copier,338502.92,10,0.15,32177.97
ORD-00903,2024-10-28,CUST-1283,Jessica Garcia,Home Office,East,Furniture,Tables,Coffee Table,29125.92,4,0,5608.57
ORD-01801,2024-10-28,CUST-1156,Michelle Brown,Home Office,South,Office Supplies,Fasteners,Stapler,19036.19,12,0.1,3905.27
ORD-00125,2024-10-29,CUST-1231,Jessica Stephens,Corporate,Central,Technology,Phones,Smartphone Lite,95510.73,2,0.15,16392.59
ORD-00282,2024-10-29,CUST-1069,James Brown,Consumer,West,Furniture,Chairs,Folding Chair,75025.13,10,0,19322.37
ORD-01810,2024-10-29,CUST-1252,Olivia Harris,Consumer,North,Office Supplies,Storage,Storage Box,5219.54,4,0,777.44
ORD-00022,2024-10-30,CUST-1219,Justin Torres,Corporate,Central,Technology,Accessories,Webcam HD,120481.7,8,0.3,680.15
ORD-00591,2024-10-30,CUST-1163,Lindsey Walker,Home Office,East,Office Supplies,Fasteners,Push Pins Pack,5254.75,8,0.05,698.69
ORD-00250,2024-10-31,CUST-1204,Joseph Coleman,Consumer,North,Office Supplies,Binders,Ring Binder Set,11530.98,6,0.3,-332.83
ORD-00293,2024-10-31,CUST-1082,Mike Allen,Corporate,West,Office Supplies,Envelopes,Mailing Envelopes Pack,4062.78,6,0.15,-322.89
ORD-00433,2024-11-01,CUST-1040,Brittany Farmer,Corporate,East,Technology,Accessories,USB-C Hub,5739.6,5,0,1854.12
ORD-01034,2024-11-01,CUST-1033,Tricia Valencia,Corporate,South,Furniture,Tables,Coffee Table,120528.38,11,0.05,23033.9
ORD-01236,2024-11-01,CUST-1076,Sarah Moore,Corporate,North,Furniture,Furnishings,Wall Clock,32379.44,6,0,8374.14
ORD-01682,2024-11-01,CUST-1280,Nathan Malone,Consumer,West,Technology,Phones,Smartphone Pro Max,263931.12,12,0,26629.03
ORD-00257,2024-11-04,CUST-1154,Devon Flores,Home Office,South,Office Supplies,Storage,File Organizer,2911.74,2,0,972.75
ORD-00907,2024-11-04,CUST-1056,Michael Lewis,Home Office,West,Technology,Machines,Scanner,308786.0,10,0.05,87092.71
ORD-00915,2024-11-04,CUST-1197,Daniel Salinas,Consumer,West,Furniture,Furnishings,Office Partition,69571.69,11,0.1,14681.27
ORD-00457,2024-11-05,CUST-1113,Julia Torres,Consumer,West,Office Supplies,Art,Sketch Pad,1376.78,1,0.3,1.83
ORD-01008,2024-11-05,CUST-1244,Brandon Bailey MD,Consumer,Central,Technology,Phones,Smartphone Lite,506616.31,12,0.05,68835.46
ORD-00052,2024-11-06,CUST-1070,William Baker,Home Office,North,Technology,Copiers,Office Copier Machine,4078.31,9,0.3,104.46
ORD-01384,2024-11-06,CUST-1286,Elaine Brooks,Corporate,West,Office Supplies,Envelopes,Mailing Envelopes Pack,394.91,1,0.2,51.85
ORD-00695,2024-11-07,CUST-1070,William Baker,Home Office,West,Technology,Phones,Smartphone Pro Max,54679.92,1,0.2,592.94
ORD-01692,2024-11-07,CUST-1205,Erin Warner,Consumer,East,Technology,Phones,Smartphone Lite,448348.88,12,0.05,1964.13
ORD-00126,2024-11-08,CUST-1206,David Martinez,Home Office,Central,Furniture,Chairs,Executive Office Chair,32541.25,3,0,7545.61
ORD-00606,2024-11-08,CUST-1132,Dustin Jordan,Home Office,East,Technology,Copiers,Office Copier Machine,143647.28,3,0.1,17818.6
ORD-00856,2024-11-09,CUST-1043,Sherry Decker,Consumer,South,Furniture,Bookcases,Modern Bookcase,77837.58,11,0.1,21307.3
ORD-01117,2024-11-09,CUST-1209,Dr. William Warren,Home Office,South,Furniture,Bookcases,Corner Bookcase,13549.5,2,0,3541.06
ORD-01115,2024-11-10,CUST-1075,Amy Silva,Consumer,North,Technology,Phones,Smartphone Lite,99945.86,4,0.05,25293.61
ORD-00327,2024-11-11,CUST-1265,Yvonne Burns,Home Office,South,Office Supplies,Storage,Plastic Drawer Unit,1951.78,1,0,681.26
ORD-01351,2024-11-12,CUST-1049,Joshua Blair,Corporate,West,Technology,Phones,Smartphone Lite,101528.85,6,0,13062.18
ORD-00206,2024-11-13,CUST-1105,Richard Henson,Home Office,South,Office Supplies,Labels,Sticker Sheet,13684.9,10,0,1957.64
ORD-00270,2024-11-13,CUST-1039,Elizabeth Fowler,Corporate,North,Technology,Accessories,Webcam HD,16448.94,5,0,5028.02
ORD-00938,2024-11-13,CUST-1226,Benjamin Smith,Corporate,West,Furniture,Chairs,Mesh Task Chair,57450.68,5,0,9188.62
ORD-01724,2024-11-14,CUST-1232,Susan Serrano,Home Office,Central,Office Supplies,Envelopes,Padded Envelopes,4814.53,4,0,800.0
ORD-01146,2024-11-15,CUST-1283,Jessica Garcia,Home Office,West,Furniture,Furnishings,Desk Lamp,31836.36,6,0,11067.27
ORD-00697,2024-11-18,CUST-1181,Alexander Collins,Home Office,North,Technology,Copiers,Office Copier Machine,21180.12,3,0.05,4913.34
ORD-01370,2024-11-18,CUST-1090,Aimee Montoya,Consumer,East,Furniture,Chairs,Mesh Task Chair,46821.0,9,0.1,-2501.99
ORD-01612,2024-11-18,CUST-1216,Anthony Everett,Corporate,South,Furniture,Furnishings,Wall Clock,13663.89,1,0.3,-2400.83
ORD-00192,2024-11-19,CUST-1049,Joshua Blair,Corporate,South,Technology,Phones,Cordless Phone,572053.94,11,0.15,62538.94
ORD-00699,2024-11-21,CUST-1019,Lisa Jackson,Consumer,West,Office Supplies,Supplies,Scissors,3664.41,6,0,188.89
ORD-00516,2024-11-23,CUST-1096,Anna Henderson,Consumer,Central,Technology,Accessories,Webcam HD,160516.72,5,0.2,13654.8
ORD-00340,2024-11-24,CUST-1274,Shelly Alexander,Corporate,East,Technology,Machines,Label Maker,28334.21,9,0,1927.04
ORD-00943,2024-11-24,CUST-1208,Cathy Robinson,Consumer,West,Office Supplies,Storage,File Organizer,7065.37,11,0.15,-356.93
ORD-01939,2024-11-24,CUST-1146,Joyce Solis,Home Office,Central,Technology,Copiers,Desktop Copier,139025.6,8,0.1,7474.75
ORD-00567,2024-11-25,CUST-1036,Jeffrey Chavez,Consumer,North,Technology,Machines,Scanner,71333.99,3,0,22880.62
ORD-00914,2024-11-25,CUST-1055,Shannon Jones,Corporate,West,Furniture,Bookcases,Modern Bookcase,23644.49,12,0,2323.43
ORD-01135,2024-11-25,CUST-1272,Veronica Simpson,Consumer,South,Furniture,Furnishings,Wall Clock,11530.3,1,0,2705.41
ORD-00021,2024-11-26,CUST-1238,David Davis,Corporate,North,Office Supplies,Art,Marker Set,8573.13,8,0.15,1082.77
ORD-01954,2024-11-26,CUST-1150,Stephanie Manning,Home Office,Central,Technology,Accessories,Webcam HD,261098.84,5,0.05,33757.45
ORD-00684,2024-11-29,CUST-1151,David Wright,Consumer,Central,Technology,Accessories,Webcam HD,656085.05,12,0.05,130067.71
ORD-00216,2024-11-30,CUST-1212,Denise Mccann,Home Office,East,Technology,Phones,Smartphone X200,443266.06,9,0,80007.25
ORD-00568,2024-11-30,CUST-1152,Pamela Boyd,Corporate,West,Technology,Machines,Label Maker,102017.46,6,0,26533.57
ORD-01400,2024-12-01,CUST-1265,Yvonne Burns,Home Office,South,Furniture,Bookcases,Modern Bookcase,31882.98,8,0.2,3954.45
ORD-01953,2024-12-01,CUST-1219,Justin Torres,Corporate,South,Furniture,Chairs,Executive Office Chair,39922.72,3,0,12671.57
ORD-00357,2024-12-02,CUST-1063,Connor West,Home Office,East,Technology,Machines,All-in-One Printer,311162.18,6,0,37585.2
ORD-01137,2024-12-02,CUST-1035,Debra Davidson,Corporate,South,Furniture,Chairs,Mesh Task Chair,42225.54,5,0.05,-756.37
ORD-00151,2024-12-03,CUST-1114,Crystal Johnson,Consumer,West,Technology,Machines,Laser Printer,475370.27,9,0.2,51044.49
ORD-00326,2024-12-03,CUST-1147,Victoria Larson,Consumer,Central,Furniture,Tables,Dining Table,5242.41,8,0.1,-104.7
ORD-01964,2024-12-03,CUST-1104,Christine Wright,Consumer,South,Furniture,Furnishings,Desk Lamp,104895.08,8,0.15,19452.53
ORD-00786,2024-12-04,CUST-1271,Jasmin Alvarado,Consumer,South,Office Supplies,Supplies,Tape Dispenser,11736.89,8,0.05,167.01
ORD-01741,2024-12-04,CUST-1249,Jose Travis,Consumer,North,Furniture,Tables,Conference Table,135869.89,12,0,18950.72
ORD-00005,2024-12-06,CUST-1162,Jennifer Adkins,Consumer,East,Furniture,Bookcases,5-Shelf Bookcase,31194.47,5,0.15,3535.75
ORD-00244,2024-12-06,CUST-1215,Julie Alexander,Consumer,North,Technology,Accessories,Mechanical Keyboard,455751.3,10,0,99720.72
ORD-00947,2024-12-06,CUST-1127,Michelle Evans,Consumer,South,Technology,Accessories,Mechanical Keyboard,110108.57,4,0.1,17227.23
ORD-01540,2024-12-06,CUST-1052,Danny Morgan,Corporate,East,Furniture,Chairs,Mesh Task Chair,74377.06,8,0,11580.73
ORD-01655,2024-12-06,CUST-1133,Mary Marshall,Home Office,South,Technology,Accessories,Wireless Mouse,135612.44,10,0.1,17490.98
ORD-01815,2024-12-06,CUST-1205,Erin Warner,Consumer,East,Technology,Machines,Scanner,347843.66,6,0.2,10786.43
ORD-00450,2024-12-07,CUST-1235,Michael Lyons,Consumer,Central,Furniture,Tables,Conference Table,11164.17,1,0,1371.01
ORD-00103,2024-12-08,CUST-1185,Lindsay Martinez,Home Office,North,Office Supplies,Binders,Clip Binder,6073.11,8,0,954.26
ORD-00412,2024-12-08,CUST-1159,Melissa Gates,Consumer,East,Furniture,Chairs,Mesh Task Chair,44025.1,4,0,2255.54
ORD-00249,2024-12-09,CUST-1292,Stephanie Byrd,Consumer,North,Furniture,Tables,Study Table,4117.61,1,0.05,271.84
ORD-00264,2024-12-09,CUST-1173,Joshua Cooke,Consumer,West,Office Supplies,Storage,File Organizer,15177.66,8,0.2,-1352.74
ORD-00377,2024-12-09,CUST-1127,Michelle Evans,Consumer,South,Furniture,Bookcases,Corner Bookcase,62572.2,6,0.2,463.07
ORD-01276,2024-12-09,CUST-1001,Allison Hill,Home Office,West,Office Supplies,Storage,Plastic Drawer Unit,15368.03,11,0,3827.73
ORD-00548,2024-12-10,CUST-1043,Sherry Decker,Consumer,East,Technology,Copiers,Desktop Copier,472447.34,8,0.1,94561.37
ORD-01841,2024-12-10,CUST-1245,Shannon Rivera,Consumer,Central,Office Supplies,Art,Whiteboard,542.65,5,0.15,102.53
ORD-01221,2024-12-12,CUST-1095,John Whitehead,Home Office,South,Furniture,Chairs,Recliner Chair,13958.01,1,0,4425.55
ORD-00094,2024-12-14,CUST-1048,Shane Henderson,Consumer,West,Office Supplies,Labels,Label Roll,4179.78,6,0.3,-1431.12
ORD-00690,2024-12-14,CUST-1157,Joshua Perry,Corporate,Central,Technology,Phones,Cordless Phone,205622.45,12,0,65587.61
ORD-00849,2024-12-16,CUST-1027,Justin Baker,Home Office,Central,Technology,Copiers,Office Copier Machine,173210.26,5,0.15,-11643.97
ORD-01614,2024-12-19,CUST-1104,Christine Wright,Consumer,West,Office Supplies,Storage,Storage Box,3315.9,6,0.2,-523.2
ORD-01069,2024-12-20,CUST-1145,Amber Wright,Consumer,East,Office Supplies,Labels,Label Roll,330.39,6,0.15,22.69
ORD-01041,2024-12-21,CUST-1106,Marc Moore,Corporate,South,Furniture,Tables,Study Table,120722.72,12,0.2,128.59
ORD-00294,2024-12-22,CUST-1244,Brandon Bailey MD,Consumer,Central,Office Supplies,Binders,Ring Binder Set,14208.52,11,0.05,3957.66
ORD-00987,2024-12-22,CUST-1269,Cynthia Rowe,Corporate,North,Office Supplies,Labels,Label Roll,9137.46,12,0,2322.0
ORD-01824,2024-12-22,CUST-1072,Whitney Peters,Corporate,East,Office Supplies,Fasteners,Push Pins Pack,324.06,1,0.05,5.41
ORD-00135,2024-12-23,CUST-1116,Diana May,Home Office,South,Furniture,Chairs,Folding Chair,65410.15,6,0,22197.3
ORD-01209,2024-12-23,CUST-1300,Amber Obrien,Consumer,East,Technology,Accessories,Mechanical Keyboard,294189.13,8,0.1,10029.18
ORD-01583,2024-12-23,CUST-1255,Cynthia Moore,Home Office,South,Technology,Copiers,Desktop Copier,332042.92,8,0.2,26134.38
ORD-00965,2024-12-25,CUST-1082,Mike Allen,Corporate,Central,Furniture,Furnishings,Office Partition,163875.48,11,0.2,16745.4
ORD-01619,2024-12-25,CUST-1296,John Young,Corporate,West,Office Supplies,Binders,Clip Binder,614.4,1,0,204.5
ORD-00414,2024-12-26,CUST-1164,Jeffrey Johnson,Home Office,West,Office Supplies,Paper,Sticky Notes Pack,5752.29,3,0,644.1
ORD-00471,2024-12-27,CUST-1150,Stephanie Manning,Home Office,West,Office Supplies,Labels,Label Roll,714.95,4,0,97.6
ORD-01541,2024-12-28,CUST-1127,Michelle Evans,Consumer,Central,Office Supplies,Fasteners,Paper Clips Box,582.34,11,0,151.67
ORD-01601,2024-12-28,CUST-1027,Justin Baker,Home Office,North,Furniture,Bookcases,Corner Bookcase,60826.56,9,0.3,-15829.92
ORD-01024,2024-12-30,CUST-1015,Dylan Miller,Home Office,North,Technology,Copiers,Desktop Copier,20582.31,6,0.2,1374.18
ORD-01549,2024-12-30,CUST-1130,Megan Orr,Home Office,East,Office Supplies,Paper,A4 Paper Ream,1119.98,1,0,166.84
ORD-00431,2024-12-31,CUST-1006,Connie Lawrence,Consumer,West,Technology,Copiers,Office Copier Machine,410706.12,7,0,24887.92
ORD-00525,2024-12-31,CUST-1122,Kenneth Scott,Home Office,West,Technology,Phones,Smartphone Pro Max,280992.24,5,0.1,-7280.15
ORD-01482,2024-12-31,CUST-1244,Brandon Bailey MD,Consumer,Central,Technology,Machines,All-in-One Printer,621060.72,11,0.1,399.22